text,Source
The Republican president assumed he was helping the industry at the expense of the environment – a trade-off Trump was happy to make since he rejects climate science anyway. ,Expert (Spinde)
"The tragedy of America’s 18 years in Afghanistan has been a stubborn refusal to admit the Afghan government is incapable of standing on its own, no matter how much money is poured into it, how much training its troops are given, or how many of its battles American soldiers fight.",Expert (Spinde)
A review of his posts in online message boards revealed he wanted to plant neo-Nazi propaganda inside Nevada middle and high schools.,Expert (Spinde)
Politicians have no business directing or defining patriotism — especially when their rhetoric sounds like 1950s-era Soviet sloganeering.,Expert (Spinde)
"Last week, Ankara broke the 2015 agreement with Brussels in which it would stop the illegal flow of migrants through Turkey in exchange for money and continuing EU accession talks, and opened the gates which resulted in thousands of migrants amassing on the near-east country’s land border with Greece.",Expert (Spinde)
"Like many Americans also crippled by student loans, Brewster’s been making sacrifices since she graduated: She put off her wedding for two years and once she and her husband, Ryan, finally got married in November 2018, they decided they couldn’t afford a honeymoon.",Expert (Spinde)
"Just a few weeks later, our divided leaders were taken by surprise by the pandemic, and bickered on cable news, asking why nothing was done sooner.",Expert (Spinde)
"For a lazy narcissist like Trump, that must have been a life-altering realization: Hollywood fakery can make even the biggest idiot appear smart and capable. So he has spent the entire presidency, which he thinks of more as a fake TV job than a real one, using photo-ops, pep rallies and other stunts to try to shape an image of himself as sharp and tough, an image that runs totally counter to reality.",Expert (Spinde)
"Just off the top of my head, CNN is already filled with useless and uninteresting Never Trump deadwood.",Expert (Spinde)
"When carrying a firearm, you have the ultimate power of force in your control.",Expert (Spinde)
"Ocasio-Cortez used this weekend’s news cycle to continue highlighting the evils of wealth inequality, and to draw attention to serious policy fixes for the problem.",Expert (Spinde)
"For far too many on the left, chaos is the point. Destruction is the goal. They prefer the unknown madness that lies ahead to whatever is still managing to (barely) hold us together in the present.",Expert (Spinde)
"In practical terms, Trump wants to make the transition from dramatically curtailing refugee admissions to effectively ending refugee admissions.",Expert (Spinde)
"The ADL report represents a sobering warning about the reach of white supremacist groups, which can take advantage of the efficiency and anonymity provided by social media to disseminate their ideology with little fear of backlash.",Expert (Spinde)
"The 2010s saw the U.S. economy achieve its longest-ever expansion, with notable milestones such as 110 months of uninterrupted job gains and an unemployment rate near a half-century low becoming easy bragging points for politicians and economists alike.",Expert (Spinde)
Closing the gender pay gap is not rocket science – even though recently graduated female rocket scientists earn 89 cents on the dollar to their male peers.,Expert (Spinde)
The transgender effort to suppress any recognition that men and women are different and complementary would not matter except for the movement’s political alliance with wealthy progressives and radical feminists who wish to destroy the political power of the male-and-female family.,Expert (Spinde)
"Cuomo has been championed by the mainstream media for his response to the coronavirus pandemic in New York City, but his state-wide response to nursing homes deserves anything but the glowing praise he’s received.",Expert (Spinde)
"Sen. Elizabeth Warren's radical immigration plans involves decriminalizing illegal immigration, increasing legal immigration, and ending all detention of illegal aliens, minus those deemed to be “a flight or safety risk.”",Expert (Spinde)
A push by Virginia Democrats to loosen restrictions on late-term abortions is erupting into a fierce partisan clash as video of a legislative hearing goes viral.,Expert (Spinde)
"Radical Virginia Citizens Defense League has organized a rally in Richmond for January 20, and the event is already attracting out-of-state pro-gun folks, including a potential horde of white nationalists.",Expert (Spinde)
"An illegal alien has been charged with enticing a 13-year-old girl through social media and raping her in Madison County, Alabama.",Expert (Spinde)
The doctors note that continuing abortions – some of which are likely to develop complications – place greater stress on a healthcare system that is under tremendous pressure at the current time.,Expert (Spinde)
"The president and his Republican brethren made all kinds of predictions about what would happen if their tax plan passed, and each of those predictions – from job creation to growth rates to the fiscal impact – turned out to be wrong.",Expert (Spinde)
"Many people in politics and media are still not used to female power, and Pelosi’s novel position, while creating some pointless problems for her, also gives her some surprising advantages.",Expert (Spinde)
"And most egregiously, in what will surely be viewed as one of the most ill-advised stunts in presidential history, the Trump Administration had federal security forces use tear gas and projectiles to vacate Lafayette square by force of arms so Trump could make a show of walking over to St. John’s Church and posing awkwardly with a bible held upside down.",Expert (Spinde)
Senate Majority Leader Mitch McConnell shredded a House Democratic anti-corruption proposal on Wednesday over a provision that would make going to the polls a national holiday.,Expert (Spinde)
"White nationalism-fueled violence is on the rise, but FBI is slow to call it domestic terrorism.",Expert (Spinde)
"Over the past few decades, RFK Jr.’s famous name has helped him get in the door to talk to important people, and it probably isn’t long before the person who is all jacked up to meet a Kennedy realizes the guy is totally cray-cray.",Expert (Spinde)
What is new is the direct indictment of white people as a race. This happened through a strange rhetorical transformation over the past few years.,Expert (Spinde)
So conservative activists are turning to their favorite weapons — bad faith and distraction — to advance an agenda of gender inequality.,Expert (Spinde)
The legislation ends criminal penalties for self-abortion and – in the case of an unborn baby who is the victim of a homicide – defines “person” as “a human being who has been born and is alive.”,Expert (Spinde)
"And if we look at a subset of guns which the left  loves to deride - rifles, for instance - then a clearer picture about gun deaths is quickly visible.",Expert (Spinde)
"While the workaday majority of Americans continue to be mired in our low-wage economy, the precious few at the tippy top soared out of sight in 2019.",Expert (Spinde)
"This is also true for students snookered into matriculating at sketchy for-profit colleges, which offer almost no marketable skills or career preparedness to justify the cost. And it further describes recent college graduates who, through an accident of timing, entered the real world during the Great Recession and its aftermath, finding it difficult to obtain work in their field of study.",Expert (Spinde)
Letters from GOP members of Congress and national pro-life leaders to the White House and the Food and Drug Administration (FDA) last week asserted Democrats are attempting to exploit the coronavirus pandemic for the purpose of advancing their party’s pro-abortion agenda.,Expert (Spinde)
"Former Australia Prime Minister Kevin Rudd ripped Donald Trump’s botched handling of the coronavirus pandemic in a new op-ed, describing the U.S. president as a “quack apothecary” for hyping unproven cures",Expert (Spinde)
"In a September executive order, President Donald Trump gave states and local governments the right to reject refugees, but instead of saying no, most state and local officials have blindsided the administration by opting in, according to two former officials familiar with the matter.",Expert (Spinde)
"Those filings are expected to show that Sen. Sanders, the so-called democratic socialist, made millions from book sales.",Expert (Spinde)
"Despite saving millions upon millions of lives, vaccines have been meet with skepticism by a small but growing faction of conspiracy theorists. And Donald Trump, ""human megaphone that is the president of the United States,"" has only made matters worse by supporting an ""alternative vaccine schedule.""",Expert (Spinde)
"Chinese state media outlets have been bursting with criticism for President Donald Trump during the current round of riots, but the Chinese Communist Party (CCP) also tossed a few bricks at former President Barack Obama and his Democrat Party, needling them for doing little about racial issues and touting China’s efforts to care for its poor and disenfranchised as vastly superior to the Democrats’ half-hearted socialism.",Expert (Spinde)
"The white supremacists and other far right extremists are super-gun-owners, they are armed to the teeth, and law enforcement is understandably reluctant to get them het up.",Expert (Spinde)
"Donald Trump, who was pro-choice in the not-too-distant past and never fit the mold of a far-right culture-war crusader, has taken a keen interest in abortion rights lately.",Expert (Spinde)
"Like many Never Trump screeds, Will’s criticisms are cloaked around the Republican party. His real issue, however, is with Trump voters. He blames the party for nominating Trump and stocking Congress with “invertebrates whose unswerving abjectness has enabled his institutional vandalism…” But if pro-Trump Congressmen are “invertebrates,” what does that make the Americans who voted for them?",Expert (Spinde)
Student debt increased by a whopping 107 percent between 2009 and 2019. Americans now owe $1.6 trillion in education loans. Policy wonks and politicians respond by concocting flashy plans that hardly solve the debt crisis.,Expert (Spinde)
"Haqqani claimed the Taliban are just looking for a round of free and fair elections, laughably pretending the murderous Islamist extremists would cheerfully accept losing and head back to their caves in peace if the Afghan people reject them.",Expert (Spinde)
"Coronavirus truthers ignorantly believe that the mainstream media, Democrats, liberals, progressives and Never Trump conservatives have been exaggerating the threat of COVID-19.",Expert (Spinde)
"Thunberg lambasted business and political elites gathered at WEF Tuesday for not doing enough to tackle climate change, warning that time was running out.",Expert (Spinde)
"The hot new idea to tax America’s rich is a wealth tax, which – although designed to target the wealthiest taxpayers – could end up eventually hurting middle-class families.",Expert (Spinde)
"Former GOP strategist Steve Schmidt on Monday rebuked President Donald Trump’s fumbling response to the coronavirus pandemic, suggesting the United States would not be facing “catastrophe” if former President Barack Obama were still in office",Expert (Spinde)
"It was not stingy family leave policies that had this baby killed, it was the child’s mother, encouraged and enabled by a culture and legal regime that regard babies as a capstone consumer commodity to be ordered up when convenient, and violently disposed of when inconvenient.",Expert (Spinde)
"Miller is the architect of President Donald Trump's hardline immigration policies that have separated children from parents, forced people seeking asylum in the U.S. to wait in Mexico under squalid conditions, instituted the Muslim ban and poured money from the military into border wall construction.",Expert (Spinde)
"But, whether this switch constitutes a true win for the racist right or not, it’s clear that MAGA conservatives are highly attuned to how decisions are made in the White House and which positions they want to control.",Expert (Spinde)
"For twenty days, from the day the first death from coronavirus was known, Democrats did nothing about it. They were too busy with the president’s impeachment trial — a trial Pelosi had delayed unnecessarily for several weeks.",Expert (Spinde)
The number of April background checks to purchase a firearm showed Americans flocking to gun stores in high numbers for the second month in a row amid worries about the coronavirus pandemic.,Expert (Spinde)
House Democrats’ Chinese coronavirus relief package bails out coastal millionaires and billionaires while ensuring big businesses are able to freely hire illegal aliens and visa overstayers over unemployed Americans.,Expert (Spinde)
"President Donald Trump has characterized those clashing with law enforcement after George Floyd’s death under the knee of a Minneapolis police officer as organized, radical-left thugs engaging in domestic terrorism, an assertion repeated by Attorney General William Barr.",Expert (Spinde)
"Derrick Morgan, senior vice president for federal and regulatory affairs for oil lobby group American Fuel & Petrochemical Manufacturers (AFRM), bragged about how successful the industry has been in pushing anti-protest legislation,",Expert (Spinde)
"Proponents of better compensation and labor rights for college athletes have hammered the NCAA on numerous fronts over the last decade, with federal lawsuits, attempts to unionize, legislation in statehouses and Congress, and new leagues that aim to compete for top-tier athletes by paying them more than the NCAA allows.",Expert (Spinde)
"UFC Middleweight Champion Israel Adesanya’s comment that his opponent will ""crumble like the Twin Towers"", in addition to being terrible and inappropriate, also makes no sense. ",Expert (Spinde)
"As shown below, women are harmed by Planned Parenthood, and the vulnerable––such as sex abuse victims and the unborn––are sacrificed for profit and political advance.",Expert (Spinde)
Coronavirus vaccine and quarantine protesters in America form an unholy COVID-19 alliance.,Expert (Spinde)
"This group is small but vocal, and represents a predictable if threatening merging of forces.",Expert (Spinde)
"Powell and others in the George W. Bush administration lied extensively while making the case for war in Iraq in the early 2000s, fabricating “evidence” of the existence of weapons of mass destruction within the country.",Expert (Spinde)
Never mind the fact that some of Trump’s strongest supporters have had no problem whatsoever in criticizing him for substantive reasons — as in the backlash against his criticism of Attorney General Jeff Sessions. NeverTrumpers still believe themselves to be the unique guardians of conservative orthodoxy and honest punditry.,Expert (Spinde)
"But even if there was a president in the Oval Office who took the issue seriously, there’s still a do-nothing Senate to contend with.",Expert (Spinde)
"President Donald Trump in an interview on Wednesday ripped former Vice President Joe Biden for failing on race relations, after 43 years in public office.",Expert (Spinde)
"The debt load for those who pursue law or medical school will undoubtedly be higher, and might be stacked on top of existing debt incurred by undergraduate degrees.",Expert (Spinde)
Since the Democrat Congress and the Obama administration orchestrated the government takeover of student loans in 2010 the total amount of student loan debt has exploded.,Expert (Spinde)
"The Citibank and Bank of America examples are just the tip of the iceberg, and do not even begin to reveal the larger financial shenanigans against gun makers via Operation Choke Point.",Expert (Spinde)
A new report reveals that the 2017 GOP tax law was rife with monumental self-dealing by rich GOP lawmakers who have since benefited bigly.,Expert (Spinde)
"Gov. Greg Abbott dug his heels in Tuesday in a TV interview explaining why Texas will be the only state in the nation to reject refugees seeking resettlement, saying that aid groups working with refugees should instead prioritize other Texans in need, including the state’s homeless population.",Expert (Spinde)
"Shortly after he took office on Monday, California's Democratic Gov. Gavin Newsom unearthed an unprecedented new health care agenda for his state, aimed at offering dramatically more benefits to illegal immigrants and protecting the embattled Affordable Care Act, which a federal judge recently struck down as unconstitutional.",Expert (Spinde)
"While Americans still cling to sexist gender roles at home, overwhelming majorities believe that sex discrimination in public spaces should be illegal.",Expert (Spinde)
"A previous boom that saw gun sales double over a decade through 2016 corresponded largely with Democratic President Barack Obama’s time in office, when fears that gun control laws would be enacted drove gun aficionados to stock up.",Expert (Spinde)
"Despite Democrats regularly characterizing America as socially pathologized with anti-woman “sexism” and “misogyny” — where women face greater cultural, economic, political, and social adversities relative to men — Warren framed her sex as a political asset in comparison to her male competitors for the Democrats’ presidential nomination to defeat President Donald Trump in November’s general election.",Expert (Spinde)
The National Republican Senatorial Committee slammed Senate Democrats for blocking the legislation.,Expert (Spinde)
"As if barren grocery store shelves and daily chaos amid the spread of coronavirus were not enough, would-be Southwest Florida vacation property renters have been refused refunds by Naples and Fort Myers Beach landlords, who are faced with their own set of financial distress.",Expert (Spinde)
"Sen. Ernst’s flippancy shows how little she and other Republicans think of the grannies and grandpas, dads and moms, and working men and women who have broken their backs to pay taxes and provide for their families.",Expert (Spinde)
"King’s defense understandably rang hollow, as he has a long history of making comments ranging from insensitive to downright unacceptable.",Expert (Spinde)
"President Donald Trump offered an unusual warning to Virginia farmers on Tuesday, suggesting that gun control will leave their potatoes defenseless. ",Expert (Spinde)
"I get that the media really want to do some bullcrap horse-race point-scoring partisan sniping right now. But these are actually important questions. And “gotcha” reporting may get you butt-slapped by your fellow reporters at the bar, but it’s actually really dangerous.",Expert (Spinde)
"My point is that it was a bait-and-switch, and not in a crazed, left-wing state like California. ",Expert (Spinde)
"As shocking as it is, even the terrorists of ISIS have been shown for respect for science when it comes to COVID-19 than the Christian Right, American white nationalists and coronavirus truthers. And the more the Christian Right rails against Fauci and social distancing, the more painfully obvious it becomes that they are a white nationalist death cult.",Expert (Spinde)
"With our climate-impacted world now highly prone to fires, extreme storms and sea-level rise, nuclear energy is touted as a possible replacement for the burning of fossil fuels for energy – the leading cause of climate change.",Expert (Spinde)
"But it was Hawley’s keynote address at the National Conservatism Conference that nailed down who he is, what he believes, and where his party is going in a way that should be absolutely terrifying for every American.",Expert (Spinde)
"As the world’s scientists and pharmaceutical companies seek a cure for the coronavirus, other anti-vaxxers are gearing up for a fight against any potential new vaccine.",Expert (Spinde)
"Military ships and aircraft have been deployed to coastal communities in southeastern Australia cut off by raging wildfires that have raced towards the coast, trapping thousands as the death toll from the apocalyptic blazes continues to grow.",Expert (Spinde)
"By any sensible measure, the Trump administration is among the worst ever seen for respecting, valuing, and following science.",Expert (Spinde)
"Even after climton's loss in 2016, the network tried desperately to drag her back into the spotlight, to juice up its long-running narrative that she’s a an all-powerful force of marauding feminist evil, which viewers embrace with lust.",Expert (Spinde)
"President Trump's two-day visit to India turned to substance Tuesday after opening with a heavy dose of pomp and pageantry, but few concrete accomplishments were expected from the whirlwind trip.",Expert (Spinde)
"Rep. Alexandria Ocasio-Cortez, D-N.Y., has taken Congress by storm, quickly becoming the de facto leader of the left-wing bloc of freshman Democrats seeking to overhaul the status quo with far-left ideas like the Green New Deal.",Expert (Spinde)
The destruction of the middle class is destroying democracies and paving the way for authoritarian rule.,Expert (Spinde)
"I'm also struck by Blackburn's style of needlessly toxic politics, once again questioning the patriotism of a decorated U.S. Army combat veteran who earned a Purple Heart.",Expert (Spinde)
"But behind the scenes, Trump was getting briefings. Terrible briefings. Really awful stuff. His own campaign manager, Brad Parscale, who was reported to have spent his hefty paycheck from the Trump campaign on condos, a luxury boat and a Ferrari, met with him and showed him his internal poll numbers.",Expert (Spinde)
Trump's comments came during a mega-rally in the world's largest cricket stadium — part of an elaborate Indian welcome for a president who revels in pomp and pageantry.,Expert (Spinde)
"This idea, gaining traction under the hashtag #CancelStudentDebt following the release of Sanders’ college debt forgiveness plan, is bad for several reasons, but naturally appealing in a sort of populist way, since plenty of people choose not to think about second-order impacts and potential consequences of driving our country into even more ruinous national debt than before.",Expert (Spinde)
"There are no more major cases against the NCAA proceeding currently, but Wilken has slowly eroded some of the NCAA’s favorite arguments and restrictions.",Expert (Spinde)
"The looting and riots and fires in blue cities across the country today reaffirm that it is not “justice” but “war” that today’s radicals have in mind. From a moment that brought all Americans together in their sense of right and wrong, politicians and groups bent on destabilizing the nation chose division…and got their way.",Expert (Spinde)
In every case legislators are being swarmed by right-wing activists who don’t hesitate to use deceit and hysteria to stop Equal Rights Amendment (ERA) ratification from happening.,Expert (Spinde)
"It’s only a matter of time, the argument goes, before the Roe v. Wade precedent is struck down at the hands of five conservative justices, two of whom are on the high court thanks to Trump.",Expert (Spinde)
"As the deadly COVID-19 contagion sweeps across the country, gun sales are surging, spurred in many regions by panic buying and purchases by first-time firearm owners. ",Expert (Spinde)
"The government of the secretive central Asian nation Turkmenistan published photos of what it claimed to be thousands of cyclists celebrating World Health Day on Tuesday with a crowded ride through the nation’s capital, Ashgabat – one of several sporting events seemingly held with no concern for the Chinese coronavirus.",Expert (Spinde)
"The man-made Amazon fires are for clearing the land of its forests and indigenous people. The benefits are for Jair Bolsonaro’s cronies, while producing a climate disaster for the world.",Expert (Spinde)
"In the runup to the 2018 midterm elections, President Donald Trump often railed against the caravans of migrants from Central America making their way to the U.S. to request asylum.",Expert (Spinde)
"On one hand, it’s true that a female candidate would face an uphill battle against the ingrained sexism of the electorate, not to mention the vicious misogyny of Donald Trump.",Expert (Spinde)
"While the piece fairly analyzes the fracturing of the white nationalist movement, it makes the bizarre claim that ideas that are widely popular amongst mainstream conservatives, such as ending affirmative action, are actually white nationalist in origin.",Expert (Spinde)
"Despite pre-existing and new guidelines, critical decisions made by governors and state leadership have, in some cases, exacerbated the crisis. In New York, Gov. Cuomo’s instruction for long-term care facilities to continue accepting patients with COVID-19 led to devastating results.",Expert (Spinde)
Trump’s latest anti-China barb came as new figures showed 30 million Americans have lost their jobs during lockdown.,Expert (Spinde)
"As dear leader Mitch McConnell (R-Ky.) is fond of saying, “winners make policy, losers go home.” And yet unfortunately, Republicans in the Senate refuse to take the phrase to heart. Which is a real shame. We are just under 280 days into the Trump presidency, yet beyond nominations, Congress has made almost no progress passing the agenda America elected them to enact.",Expert (Spinde)
"Even before Trump started to make a big show out of not wearing a mask, it was common, at least in my South Philadelphia neighborhood, to see MAGA-hat-clad white men walking around without masks, delivering contemptuous sneers to the rest of us suckers who are covering our noses and mouths. ",Expert (Spinde)
"If Trump’s actions threatened to turn the culture war into an active shooting war, that would just be collateral damage on the road to his political recovery.",Expert (Spinde)
"The dynamic exposes two underappreciated realities of Trump’s Iran obsession: Any U.S. war on Iran will ignite war in Iraq, and U.S. credibility is visibly faltering across the region. ",Expert (Spinde)
"While these many similarities between Green New Deal and the constitution ushered in by Venezuelan leftist dictator Hugo Chavez in 1999 may be just happenstance, the important thing to remember is that Venezuela under its new constitution has become a disaster zone.",Expert (Spinde)
"Abortion propaganda was always meant to obscure the reality of abortion, not justify it.",Expert (Spinde)
A specter is haunting the West; our elites see intolerant authoritarianism—along with a plethora of related “-phobias” and “-isms”—everywhere.,Expert (Spinde)
"New York Rep. Alexandria Ocasio-Cortez casually spotlighted her revolutionary rejection of biology, sex, and the male-or-female society during a live Facebook chat in which she was asked about her views on the military draft.",Expert (Spinde)
"But even as the job losses mounted into the tens of millions as the nation rushed to try to contain an already widespread pandemic, the President personally promoted miracle quack cures like hydroxychloroquine and demonstrated his unbridled personal buffoonery by wondering aloud about the possibility of drinking bleach and injecting sunlight as a method of curing oneself of coronavirus.",Expert (Spinde)
"In recent months, Trump has begun aggressively attacking mail voting, a process that is standard in some states now and which many others are expanding because of concerns that in-person voting could spread the coronavirus. Trump has repeatedly claimed that expanding voting by mail will let Democrats cheat, even though he, his press secretary and a top adviser have all voted by mail in recent elections.",Expert (Spinde)
"It is no wonder why Republicans insisted on ramming through incredibly unpopular tax cuts for American corporations that were already making near-record profits, even at the risk of losing control of the House of Representatives. ",Expert (Spinde)
"Female genital mutilation is illegal in Germany, leading many families to travel to their country of origin to have the gruesome ritual performed on their daughters.",Expert (Spinde)
"Corinthian College Inc. is the bankrupted and criminal organization that Marco Rubio was defending just this past year, probably because he got a boatload of money from them in campaign organizations. Over the past 10 years it has come to light—through numerous lawsuits and state and federal investigations—that untold billions of dollars has been swindled out of student and taxpayers’ pockets by this private educational company.",Expert (Spinde)
Transgender MMA fighter Fallon Fox twice broke a female opponent’s skull to win matches and now he is being praised by some in the LGBT community.,Expert (Spinde)
A study shows that the number of children getting routine vaccines to protect them from dangerous diseases has dramatically declined in the wake of the coronavirus.,Expert (Spinde)
"This is what Breitbart News has reported, based on publicly available data ignored by the anti-tariff crowd for over a year. ",Expert (Spinde)
Brooklyn measles outbreak: How a glossy booklet spread anti-vaccine messages in Orthodox Jewish communities,Expert (Spinde)
"Sen. Bernie Sanders’ (I-VT) immigration plan, which opens the border to all foreign nationals, was drafted by a handful of illegal alien staffers.",Expert (Spinde)
Wall Street surged on Thursday as investors weighed the prospect of economic recovery against bellicose remarks from President Donald Trump regarding U.S.-China trade and a whistleblower’s dire warnings about the U.S. response to the coronavirus pandemic.,Expert (Spinde)
"It’s no exaggeration to say that the anti-choice movement, from tip to toe, is stuffed with melodramatic liars and grifters.",Expert (Spinde)
"However, China’s record of successfully producing vaccines in recent years has been so abysmal that communist state media openly admit that they prefer using international manufacturers.",Expert (Spinde)
We should expect growing support for this item for a few reasons: Younger voters of all political stripes are being exposed to the status quo student loan system. Younger voters are also less likely to accept the toxic brand of “conservatism.” ,Expert (Spinde)
"But one glaring absentee was Trump, who not only declined an invitation but failed to send any American representative at all.",Expert (Spinde)
"Rather than reducing federal subsidies to universities and placing the leftist institutions at the mercy of the free market, Obama wants to increase the amount students can borrow with interest from the government.",Expert (Spinde)
"After Steve King’s offensive implication that white people own Western civilization, Chris Hayes predictably responded with an idiotic remark about Western civilization giving us Hitler.",Expert (Spinde)
"So while these Republicans in D.C. are still lost in the mindset that voters will still support them because ""they're not the other guys,"" that's not entirely true: promises were made, tens of millions of dollars were raised off said promises. Time to man up, Republicans, and fulfill those promises or else people might call you for what you're acting like right now: liars.",Expert (Spinde)
"A federal judge in Tucson, Arizona delivered a blow Monday to the Trump administration’s strategy of criminalizing humanitarian aid work along the southern border with her decision to overturn the convictions of four volunteers on religious freedom grounds.",Expert (Spinde)
"But make no mistake about it: Despite receiving widespread positive attention from many in the press, Ocasio-Cortez’s radical left-wing policy proposals and her socialist ideology present a significant threat to America’s economy and its longstanding commitment to individual liberty. ",Expert (Spinde)
He then criticized the attempt to lump Republicans and white nationalists into the same group.,Expert (Spinde)
"The University of Southern California (USC) has fired two employees who allegedly accepted enormous bribes in exchange for facilitating the acceptance of dozens of students, the school has said in an official statement.",Expert (Spinde)
Pompeo appeared hopelessly lost when WSMV’s Nancy Amon was far better prepared for an interview than he was.,Expert (Spinde)
"Male and female are the two sexes — but transgender advocates now claim more than 50 “genders” — including agender, bigender, gender fluid, gender non-conforming, genderqueer, intersex, two-spirit, etc, plus “cis-gender” for the 99+ percent of people who are normal, non-transgender people.",Expert (Spinde)
"On Tuesday, President Donald Trump will give an Oval Office address on the government shutdown he created, during which he presumably will lie through his teeth to defend his highly unpopular immigration agenda.",Expert (Spinde)
"America is likely to remain a relative manufacturing wasteland, as barren as Trump’s own ill-conceived ideas on trade.",Expert (Spinde)
"Obama’s claim that “history” was on his side is arguably false. The massive, historically unprecedented wave of immigrants crashing across the U.S. southern border is a political phenomenon, set in motion by the 1965 Immigration and Nationality Act and accelerated by the Obama administration’s disastrous Deferred Action for Childhood Arrivals (DACA).",Expert (Spinde)
"In practice, that means it's hard to trust Bezos' pledge when Amazon, the source of his wealth, has been aggressively courting oil and gas companies with its cloud computing services and threatened workers who campaigned for stronger climate action with dismissal. ",Expert (Spinde)
Free trade has helped gut working and middle class American jobs and stripped whole middle American towns of their industries and livelihoods.,Expert (Spinde)
"Other than the fact that none of the above is even close to the truth and that the entire premise of the article is the fakest of fake news, the Daily Beast has a real bombshell on its hands.",Expert (Spinde)
"This is all great news. It now looks like we have a safe, highly effective vaccine that has the potential to significantly reduce many forms of cancer. So why is it also becoming a key target of many anti-vaxxers?",Expert (Spinde)
The U.S. president has come under sustained criticism for his racially incendiary rhetoric since launching his candidacy in 2015 — including his repeated use of the word “invasion” to describe immigration along the U.S.-Mexico border.,Expert (Spinde)
"Last week, Barstool Sports founder Dave Portnoy released a three-minute video in which he vigorously ranted against the ongoing lockdowns. Portnoy’s basic point was that the goalposts have shifted from “flatten the curve” to “find a cure.”",Expert (Spinde)
"The whole anti-vaxx (as it became known) thing was nuts, a way for fading celebrities to pretend to be the vanguard of a Great Cause that Saved The Children from a sinister government conspiracy.",Expert (Spinde)
"The biggest problem for NeverTrump, however, is the pitiful performance of the Republican Congress, which has been unable to act on its core priorities, and reinforces the notion that only Trump is strong enough to lead the party.",Expert (Spinde)
A majority of Americans do not agree with Democrats’ gun violence demagoguery. ,Expert (Spinde)
Factual analyses have dismantled this false narrative put forth by some in the mainstream media.,Expert (Spinde)
Republicans and gun-rights groups have pledged stiff resistance.,Expert (Spinde)
"For Democrats, this wave or new regulation, censorship, and civic pressure will free the less-than-one-percent of people who say they are transgender from the oppressive, outdated rules of male-dominated supremacy.",Expert (Spinde)
"When a figurehead like Trump repeats the myth that vaccines cause autism, as he did during the presidential debates, many parents may choose not to vaccinate, putting children at unnecessary risk.",Expert (Spinde)
"During a speech to Young America’s Foundation’s 41st annual National Conservative Student Conference, Hawley slammed the “reigning consensus” of Washington, D.C.’s ruling class that asserts free trade and endless immigration are vital to meet the needs of corporate leaders, the business lobby, and the donor class while ignoring its impact on middle-class Americans.",Expert (Spinde)
Hungary is backing President Trump in his crackdown on migrants claiming asylum at the southern border -- as the government touts its own success in drastically reducing the influx of migrants into the country.,Expert (Spinde)
"Following a terrible school shooting in Parkland, Florida, last year, CNN hosted an anti-gun rally that whitewashed Sheriff Scott Israel’s fatal errors.",Expert (Spinde)
"Over 70,000 women in Germany have been subjected to female genital mutilation (FGM), and a further 17,000 young girls are at risk of having the barbaric procedure being committed against them.",Expert (Spinde)
"Appearing Tuesday Cheddar Live, Rep. Maxine Waters (D) formally endorsed former Vice President Joe Biden for the White House, claiming that President Donald Trump is “destroying America” and advocating for the killing of both black and white children in the wake of nationwide protests over the death of George Floyd.",Expert (Spinde)
"Here’s an irony: Thanks to Roe, America is a whiter place than it would otherwise have become. If pro-lifers had had their way, on the other hand, America would be considerably blacker and browner than it is today.",Expert (Spinde)
"This unholy, unscientific alliance of right-wingers, COVID-19 truthers and anti-vaxxers became very clear recently following the viral spread of an anti-COVID-19 propaganda movie called “Plandemic,” featuring disgraced scientist-turned-anti-vaxxer ...",Expert (Spinde)
"As the Republican Party is struggling to defend him in a moment of nationwide strife, President Donald Trump decided Thursday night to fuel divisions within GOP rather than make nice.",Expert (Spinde)
"The administration has stonewalled Congress during the impeachment proceedings and other investigations, but the American public overwhelmingly wants the Trump administration to comply with lawmakers.",Expert (Spinde)
"The open letter — Millionaires Against Pitchforks — has been released to coincide with the orgy of virtue-signalling by the globalist elite at the World Economic Forum in Davos, Switzerland.",Expert (Spinde)
Even a member of French President Emmanuel Macron’s La République en Marche! (LREM/Republic on the Move) slammed the sports hijab.,Expert (Spinde)
"The idea of exposing your child to something that could potentially harm her, and in a catastrophic way, is terrifying.",Expert (Spinde)
Lawmakers specifically said they want to protect women from facing unfair competition from men who claim to be transgender women.,Expert (Spinde)
"Sargent has written leftist pieces at the Washington Post for years. In March 2016, Sargent called then-candidate Donald Trump a “nightmare nominee,” saying that not even white men like Trump.",Expert (Spinde)
"The Republican president proceeded to pitch an aggressively anti-immigrant message ahead of Election Day 2018, when voters handed Democrats control of the House.",Expert (Spinde)
As the ranks of Democratic Party 2020 presidential hopefuls continue to swell and Trump’s chaotic lawlessness proliferates it’s easy to miss a deepening crisis that’s already taking a toll on millions of households and is about to get much worse.,Expert (Spinde)
"It’s paramount now, as Fox News and the right-wing noise machine try to take down a new generation of Democratic women leaders, that everyone understands the strategy in play.",Expert (Spinde)
"The Turkmen government also published photos of contact sporting events such as wrestling and martial arts, which most of the world has canceled to prevent the spread of the deadly pathogen originating in central Wuhan, China.",Expert (Spinde)
The self-flattering conceit that sustains NeverTrump’s criticism is that Trump supporters are participating in a cult of personality. ,Expert (Spinde)
"We just survived eight years of a messianic presidency, with a finger-wagging, patriotism-appropriating administration lecturing us on how to be proper Americans.",Expert (Spinde)
MSNBC anchor Katy Tur on Wednesday boldly declared that there was “almost no middle class” in America.,Expert (Spinde)
"Donald Trump appeared to make some important news via Twitter last night, announcing a dramatic new plan to use Immigration and Customs Enforcement (ICE) agents to remove “millions” of people from American soil.",Expert (Spinde)
"And yes, there’s something in the Fox News DNA over the years that has meant that women political opponents spark a deeper sense of outrage and hate.",Expert (Spinde)
Because Trump’s plan to gut pollution safeguards was so drastic that many states announced plans to enforce stricter emissions standards on their own.,Expert (Spinde)
"Populist eruptions and governments from Brexit to Budapest to President Trump are perceived as confirmation of their fears, necessitating increasingly ferocious efforts to defend liberal democratic pluralism and its virtues of openness, tolerance, and inclusivity.",Expert (Spinde)
"Ironically, bans on “high-capacity” magazines are part of the Bloomberg campaign’s gun control push, yet a Virginia Tech review board found that such a ban would have had a negligible impact on the results of the 2007 attack.",Expert (Spinde)
"After all, who else are they going to find who would be willing to just openly gaslight members of Congress, telling them not to believe the evidence of the dead in Pittsburgh and Christchurch and El Paso and many other mass-killing sites, by wielding her blackness like a shield?",Expert (Spinde)
"Democrats and other critics blasted Trump's plan to reduce the scope of the task force Tuesday, given the threat that death tolls would rise as states reopen businesses and other parts of their economies.",Expert (Spinde)
"He’s a 78-year-old white male millionaire seeking the affections of the wokesters, a gruff socialist with bedraggled hair and terrifying policy proposals.",Expert (Spinde)
"The false messages that they say convinced hundreds of New Yorkers not to vaccinate their children weren’t spread in a Facebook group or on YouTube, but through a glossy magazine written by and for Orthodox Jewish parents.",Expert (Spinde)
Pelosi made similar comments claiming that President Trump’s possible re-election threatens the world as House Democrats readied two articles of impeachment against the president.,Expert (Spinde)
"Of course, the famously corrupted higher education sports market is a happy NFL partner and crime may pay after all, as it often does in the Trump league.",Expert (Spinde)
"Given these bleak prospects, students who go to college to “find themselves” are likely to waste precious time and money because they lack a clear vision. ",Expert (Spinde)
"Ever since Democratic presidential candidate Sen. Elizabeth Warren (D-Mass.) revealed her plan to forgive student debt and make public universities free on Monday morning, the internet has been a carnival of bad faith, magical thinking and misinformation about the nature of college costs in the United States.",Expert (Spinde)
"Breaking store windows, setting buildings on fire, vandalizing monuments to American heroes, leaving graffiti threats on synagogue walls, attacking Christian churches and tombstones, terrorizing the living, and giving no peace to the dead— these are the great accomplishments of Antifa and those they egg on.",Expert (Spinde)
"Father Horan was one of the many voices from the Catholic Left who joined the mainstream media lynching of students from Covington Catholic High School this weekend, rashly judging them as racists without bothering to ascertain what actually happened, simply because some of the boys were wearing MAGA hats.",Expert (Spinde)
And while some of these more cartoonish members are still on Capitol Hill we’re occasionally reminded about the torch being passed to a new generation of lawmakers who are equally difficult to take seriously.,Expert (Spinde)
"Donald Trump’s presidential campaign and many of his administration’s policies have played on the trope of threats posed by refugees, asylum seekers and other migrants.",Expert (Spinde)
"More than 100 gang members from El Salvador are among the massive wave of migrants that's poured across the border in recent months, with nearly 400 illegal immigrants nabbed trying to cross en masse last week and a group of more than 100 caught scaling a wall Monday, beleaguered border officials said.",Expert (Spinde)
"The right-wing media personality, who claimed the 2012 Sandy Hook massacre was a hoax, was sued by the parent of a young boy slain in the attack.",Expert (Spinde)
"Rep. Alexandria Ocasio-Cortez, D-N.Y., has taken another shot at President Trump amid their ongoing feud, saying he cannot conceive of an immigration system that didn't involve torture or hurting innocent people.",Expert (Spinde)
"What this means is that in these particular countries, local law enforcement agree to not enforce anti-gun laws, especially dangerous radical ones like confiscation, bans, mandatory registration, and limiting the size of magazines.",Expert (Spinde)
The explosion of the Hispanic population has long-term job prospect consequences as well: Both legal and illegal aliens will occupy 75 percent of new American jobs in as little as five years.,Expert (Spinde)
The NRA has long agitated to crush tougher gun control laws in this country but for its officials to be directly engaged in trutherism about school shootings is a new low.,Expert (Spinde)
An angry Senate Majority Leader Mitch McConnell (R-KY) slammed Democrats for voting against the bill and blamed House Speaker Nancy Pelosi (D-CA) for nixing bipartisan negotiations over a coronavirus package.,Expert (Spinde)
"Nancy Pelosi Proposes 1,400-Page Coronavirus Bill Stuffed with Pork",Expert (Spinde)
"For one thing, Trump’s impatience now threatens to undo the measures of the last ten weeks. Thanks in part to the foment of anti-lockdown protesters tacitly endorsed by Trump, governors are under increasing political pressure to reopen quickly—perhaps too soon.",Expert (Spinde)
"The “baby parts” debacle from a few years ago is another example of how the anti-choice movement is not a group sober-minded devout Christians who just love “life,” but in fact a bunch of fanatics who have contempt for the truth and think nothing of spinning wild stories and engaging in implausible thought-experiments in their efforts to smear feminists.",Expert (Spinde)
"A year after a Democratic wave swept an unprecedented number of women and people of color into higher office all across America, and at a time when Trump’s approval rating is cratering, women should not be afraid of nominating another woman to drive Trump and his brand of pig-headed patriarchy out of the Oval Office.",Expert (Spinde)
"First Joe Biden said he still supported the Hyde Amendment, which prohibits taxpayer funding of most abortions, , then changed his position one day later, after tremendous political pressure from farther-left Democrats.",Expert (Spinde)
"This is another example of Trump’s false dichotomy between saving the economy and fighting the virus. After all, the economy isn’t going to recover if millions are sick and people are afraid to leave their houses — and early evidence from the states that have tried to “reopen” their economies makes that clear.",Expert (Spinde)
"Trump likes to tell this story with vivid and completely made-up details about swaddling a baby in blankets before murdering it. The Senate held hearings in which anti-choice activist Jill Stanek — a crazed, racist liar who also claims Chinese people think aborted fetuses are a “delicacy” — claimed, almost certainly falsely, that she once witnessed a baby being killed this way. ",Expert (Spinde)
"Sanders praises the radical Green New Deal, champions a Medicare for All plan with a $34 trillion price tag, nods to abortion as a means of population control, and defends bread lines and Fidel Castro’s Cuba. ",Expert (Spinde)
The numbers finding broad American approval of Trump illustrate the catastrophe of the impeachment proceedings backfiring on Democrats that were precisely intended to bring the president’s approval numbers down.,Expert (Spinde)
"Top Democrat and GOP members of the House Armed Services Committee ducked and dodged when a Pentagon official said the sex of transgender soldiers is decided by their biology, not by their claimed “gender identity.”",Expert (Spinde)
"But then, science has never been a strong point of the Christian Right or white nationalists. They are bitterly anti-science, which is why they so deeply resent anyone who offers accurate information on the pandemic — be it Dr. Fauci or reporters at CNN and MSNBC.",Expert (Spinde)
"On Friday, Trump claimed he had reached a landmark last-minute immigration deal with Mexico, which meant he no longer had to impose the tariffs he had been threatening, part of his incoherent southern-border policy.",Expert (Spinde)
Leonhardt’s column in the New York Times provides more evidence that elite Americans are so enamored of immigration and diversity that they would throw the college graduate class under the bus rather than give up their visions of ruling over a chaotic and fractured “diverse” society.,Expert (Spinde)
President Donald Trump clearly wasn’t pleased on Wednesday when he learned that his former Defense Secretary James Mattis had spoken out against him. So the president responded in his usual and predictable way: lashing out on Twitter.,Expert (Spinde)
"Women’s rights advocates were relieved late Monday when Senate Democrats blocked an extreme anti-choice bill from advancing to a floor debate—but were soon outraged by President Donald Trump’s lies about abortion care, as well as the corporate media for enabling his blatantly false characterization of the bill to stand.",Expert (Spinde)
A report in The New York Times claims that the UFC star Conor McGregor sexually assaulted a woman in Ireland.,Expert (Spinde)
"One of the bitterest cases in academe involved Steven Salaita, whose offer of a tenured faculty position at the University of Illinois was revoked in 2014 after he posted a series of tweets harshly critical of Israel.",Expert (Spinde)
Trump attacking wind power is nothing new.,Expert (Spinde)
"For several years, climate change doomsayers have turned their attention to cattle, as a series of reports demonstrated that “livestock emissions” are more dangerous for the environment than automobiles.",Expert (Spinde)
"They will not do that by making the Department of Justice even less accountable to elected officials, as Democrats are demanding. They will do it by slashing and burning the bureaucracy and its powers. Government by and for the people will perish from the earth if unelected officials are capable of weaponizing government against the people’s elected representatives.",Expert (Spinde)
"Though it was Major League Baseball that he mentioned — “We have to get our sports back. I’m tired of watching baseball games that are 14 years old” — the sport that truly matters to him is football, the only major mass entertainment (other than Trumpism) that endorses tribalism and toxic masculinity so flagrantly and keeps violence in vogue.",Expert (Spinde)
CNN national correspondent John King ripped President Donald Trump for not mentioning climate change in his second State of the Union address.,Expert (Spinde)
"Until the last few years, all Washington could talk about was how to cut Social Security benefits, and by how much but a grass-roots progressive coalition began campaigning for expansion in 2013, and the idea has since moved straight to the heart of the Democratic Party.",Expert (Spinde)
"As part of Pelosi’s coronavirus plan, House Democrats slipped in multiple measures from their H.R. 1 legislation that would implement nationwide ballot harvesting for federal elections — effectively allowing political operatives to collect and deliver an endless number of absentee ballots from voters.",Expert (Spinde)
Students across India on Tuesday stood in solidarity against a vicious weekend attack on a prestigious New Delhi university by masked men wielding sticks that led to 40 students and staff being sent to the hospital.,Expert (Spinde)
"When far-right white evangelicals, white nationalists and coronavirus truthers rail against social distancing and encourage large gatherings, they are encouraging suicidal behavior. And there have been many examples.",Expert (Spinde)
"Trump was caught on tape during the visit apparently telling his wife to “smile” (she briefly complied, but then spent the rest of the visit looking like a hostage) and then generating images that are terrifying, but not for the reasons the president may have hoped.",Expert (Spinde)
"After years of openly struggling with her weight (and health) and a seemingly self-imposed sabbatical from political lectures after backing Hillary Clinton in ’16, actress Lena Dunham announced to the world that it was Joaquin Phoenix’s unhinged Oscars tirade on the environment that has made her want to become vegan.",Expert (Spinde)
"As part of his plan to protect the commonwealth of Virginia from the spread of the Wuhan coronavirus, Gov. Ralph Northam determined that citizens should not be allowed to attend church or worship services, but are fine travel to an abortion clinic and undergo an elective procedure like surgical abortion.",Expert (Spinde)
"Alarmingly, the Trump administration wants to take the reins off payday lenders.",Expert (Spinde)
"Model and left-wing activist Emily Ratajkowski celebrated Easter Sunday, the most important day in the Christian calendar, by posting racy photos of herself in a thong.",Expert (Spinde)
"After that phone call, police asked the couple to come in for questioning, prompting them to flee Saudi Arabia, a country long known for draconian laws against homosexuality.",Expert (Spinde)
It was at this point that Trump thought it’d be a good idea to start bragging.,Expert (Spinde)
Coronavirus: E.U. blasts Trump's travel ban as it unleashes chaos and confusion.,Expert (Spinde)
"Trump was a major factor in the early rumblings of white nationalism on the network, which gave him considerable airtime during his reality TV days to air conspiracy theories about Barack Obama’s birth certificate.",Expert (Spinde)
"To bolster the argument that doctors deliver viable infants alive and let them die, the anti-choice movement also trots out a series of people who claim to have “survived” abortion. ",Expert (Spinde)
"Much of this health hazard lies at the feet of folks like RFK Jr., so the idea that Trump was doing the anti-vax slow-jam with this quack a week before Inauguration Day understandably put Twitterverse over the edge",Expert (Spinde)
"Fearful and insecure Americans are taking advantage of weak and ineffective gun-control laws and stocking up, as President Trump might say, “like never before.”",Expert (Spinde)
"India’s Prime Minister Narendra Modi is often compared to Donald Trump, especially when it comes to his anti-Muslim policies.",Expert (Spinde)
‘A new low’: Washington Post media critic blows up Tucker Carlson’s absurd lies about white nationalism,Expert (Spinde)
"Biden made the apocalyptic pronouncement while discussing climate change before a crowd of supporters in Peterborough, New Hampshire.",Expert (Spinde)
"The issue of mandatory vaccination is once again an item of debate in media circles given the recent outbreaks in measles, and fueled this week by the continued inability of politicians to discuss vaccination policy without sounding like anti-science fools.",Expert (Spinde)
"Never before have the freewheeling inclinations of some Electoral College members flipped an election, so the impact of the high court's decision may be just mathematical.",Expert (Spinde)
"Nearly 60 percent of Americans now support the marginal tax rate program Ocasio-Cortez has proposed uncluding a remarkable 45 percent of Republicans, despite all the work right-wing media has done to demonize Ocasio-Cortez and anything related to her.",Expert (Spinde)
"Almost all of this is gibberish; Trump still can’t speak coherently about California’s wildfires; and no officials in the Golden State ever conceded that he was “right” about the subject, because he wasn’t.",Expert (Spinde)
"But the Christian Right embodies a dangerous form of Christianity that is bitterly anti-science, and its ideology goes hand in hand with white nationalism and the coronavirus truther movement.",Expert (Spinde)
"Hungarian Prime Minister Viktor Orban, a staunch anti-immigrant populist, said on Wednesday a new wave of migrants trying to cross the border from Turkey into the European Union must be stopped as far south as possible and his government was ready to help frontline Greece.",Expert (Spinde)
"Americans Need To Stop Hurrying Young People Into Student Debt Slavery. Above all, we must give high schoolers personalized post-secondary educational recommendations before they get caught in the quagmire of student debt.",Expert (Spinde)
"The fear was well-deserved, since Trump has also made a number of dangerous comments about vaccines, linking immunizations to cases of autism and suggesting we need different vaccination schedules for small children…",Expert (Spinde)
It wasn't long after Donald Trump and his team took office that they looked for ways to make things easier for polluters.,Expert (Spinde)
"President Donald Trump sparked ire on Tuesday after he spread yet another conspiracy theory, this time about wind farms.",Expert (Spinde)
"While President Trump visited the southern border Thursday, Democratic darling Beto O’Rourke visited the dentist — posting a bizarre video showing him getting a mouth-wide-open cleaning in order to highlight the story of his dental hygienist’s upbringing in El Paso.",Expert (Spinde)
But it’s getting increasingly difficult to maintain the myth that the enormous wealth inequality in not just American society but the entire world somehow reflect a system that’s fairly rewarding people for their talent and labor.,Expert (Spinde)
"The safe, heavily researched HPV vaccine remains tragically under-used — and anti-vaccine movies and conferences could make it more so if we’re not careful.",Expert (Spinde)
That’s led some vaccine foes to join the protesters — whom Trump has encouraged on Twitter — in staging demonstrations in state capitals to “reopen America.”,Expert (Spinde)
"Instead, they want to force women and their doctors to subject dying newborns to further horrific medical intervention, to needles and lights and loud voices and scalpels and machines that will only prolong the inevitable, only prolong their pain.",Expert (Spinde)
"But in her rush for snarky liberal-bashing, Swoyer misses the real story about Alexandria Ocasio-Cortez’s pricey haircut: the blatant and disparate “female tax” that women in power must pay to achieve and maintain their power.",Expert (Spinde)
It remains to be seen how players — whose wages span a wide spectrum in a league with no salary cap — will respond to the request following calls from government ministers to cut their often-astronomical wages.,Expert (Spinde)
"That meant anyone walking into a branch with a certain level of assets instantly became a target for multiple offers. Customers with lower incomes were less of a priority, increasingly treated as little more than a source of fee harvesting.",Expert (Spinde)
"So it was creepy when Obama was trying to replace American idealism with progressivism and calling it “economic patriotism,” and it’s creepy when Trump does basically the same thing under the guise of economic nationalism.",Expert (Spinde)
"Banks lamented that China has now become a partisan issue simply because Trump has blamed China for trying to hide the discovery of the coronavirus in Wuhan, China, and allowing it to spread to the rest of the world.",Expert (Spinde)
"Gamblers and reality TV stars can claim bankruptcy protections when in financial trouble, but 44 million student loan borrowers can’t. Unemployed, underpaid, destitute, sick, or struggling borrowers simply aren’t able to start anew.",Expert (Spinde)
Former Vice President Joe Biden lied on Monday about his past position on the best way to deal with the novel Wuhan coronavirus rapidly spreading worldwide that would eventually bloom into a global pandemic.,Expert (Spinde)
"President Trump poked fun at Sen. Amy Klobuchar, D-Minn., Sunday for vowing to tackle climate change as she kicked off her 2020 presidential campaign in a snowy, freezing Minneapolis park.",Expert (Spinde)
The fatal shooting of the promising honors student sparked outrage in her hometown and became the symbol of a larger conversation on the scourge of gun violence.,Expert (Spinde)
"We might note that at the time of this Texas ruling, national liberals were spluttering with outraged opposition.",Expert (Spinde)
"During a rare public address last week, the former president appeared to challenge Trumpism while urging U.S. voters to resist detractors of American democracy",Expert (Spinde)
"Welcome to the longest U.S. economic expansion in history, one perhaps best characterized by the excesses of extreme wealth and an ever-widening chasm between the unfathomably rich and everyone else.",Expert (Spinde)
"Now Modi has made international headlines for yet another similarity: He’s constructing a massive wall … but unlike Trump’s goal of keeping immigrants out, Modi’s wall was built to hide the country’s poverty from the gold-plated American president.",Expert (Spinde)
Harris is also pushing legislation that would dramatically expand the legal and financial incentives for hundreds of thousands of Indian low-wage college graduates to take U.S.-based jobs from U.S. college graduates.,Expert (Spinde)
"White supremacist violent extremists can generally be characterized by hatred for immigrants and ethnic minorities, often combining these prejudices with virulent anti-Semitism or anti-Muslim views, the DHS report states.",Expert (Spinde)
"Sen. Elizabeth Warren is aggressively pushing a new wealth tax – which she’s dubbed the “UltraMillionaireTax” – ahead of this weekend’s formal presidential campaign launch, but keeps running into the same question from critics: Is it even constitutional?",Expert (Spinde)
"The New York Times recently published a fairly detailed fact-check of these Trump World arguments that democrats don’t mind executing babies after birth, and not surprisingly, the rhetoric is irresponsibly wrong.",Expert (Spinde)
Many are mocking the president’s astonishing lack of understanding about even the most basic concepts of vaccines and how drug tests on them are performed.,Expert (Spinde)
"Nevertheless, Trump and other Republicans have tarred the protests as havens for terrorists intent on destroying property. ",Expert (Spinde)
But the fact that Trump cloaks this fact by stoking false fears about immigrant crime and delivering rage-filled rants about “illegal” immigration shows that this isn’t some genuine and reasoned policy view about the costs and benefits of new entrants to the labor force — it’s a reactionary stance built atop anti-immigrant bigotry.,Expert (Spinde)
"While the majority of Americans seem to accept scientific information about the deadly coronavirus and are wary of reopening the country before we can be sure it’s safe, one segment of the population is driving the opposite narrative. This group is small but vocal, and represents a predictable if threatening merging of forces.",Expert (Spinde)
"The note, which was full of anti-Semitic language and lauded white supremacy, named the Christchurch shooter and the man accused of fatally shooting 11 people.",Expert (Spinde)
"House Speaker Nancy Pelosi debuted a 1,120-page coronavirus rescue bill after Democrats tanked the Senate proposal on Sunday night.",Expert (Spinde)
"In truth, these examples are caricatures of Epicureanism. Epicureanism is not hedonism; rather, it abhors lack of restraint and shameless debauchery. After all, these things bring more pain than pleasure.",Expert (Spinde)
The failure to act to ameliorate global warming exposes the myth of human progress and the illusion that we are rational creatures. ,Expert (Spinde)
Rep. Alexandria Ocasio-Cortez (D-NY) on Tuesday blasted President Donald Trump’s border wall as a “monument to hate” and a “monument to himself.”,Expert (Spinde)
"Some movement leaders regrouped. Instead of stoking outrage, they set out to build support with another tack: Looking normal.",Expert (Spinde)
"More subtly, however, Pelosi is also using her gender to put Trump — who is visibly unnerved by having any woman around that isn’t clearly there to serve him, sexually or otherwise — on his heels. ",Expert (Spinde)
"For our friends on the Left, Trump’s refusal to wear a mask is irresponsible toxic masculinity that is sending the wrong message and getting people killed, even though Dr. Deborah Brix has explained it’s not much of a risk. Biden, meanwhile, to their minds is leading by example by wearing his mask even when there is no good reason he should.",Expert (Spinde)
"In the weeks leading up to the District of Columbia’s primary election, a powerful interest group repeatedly hammered council candidate Janeese Lewis George with an attack that in the past has proved devastating: She was soft on crime and unsupportive of the D.C. police force.",Expert (Spinde)
"The back and forth underscored the tension between Trump's desire to quickly reopen businesses and other institutions and return to a sense of ""normalcy"" despite stubborn coronavirus caseloads in some parts of the country and fears of resurgence. ",Expert (Spinde)
Maynor’s story underscores a harsh reality: Youth sports is a multi-billion dollar industry in the U.S. and not every kid has the chance to participate.,Expert (Spinde)
The intersectionality-obsessed media claims Buttigieg doesn't have enough diversity points to run for president.,Expert (Spinde)
"It obviously works extremely well for Democrats, a large faction and the leadership of which appears to be as impervious to facts as anti-vaxxers and QAnon followers.",Expert (Spinde)
"Of course, the demands of tolerance are not universal. The strong gods are still suppressed and exiled, and the heretic-hunting inquisitors of diversity have become more paranoid and vindictive in triumph.",Expert (Spinde)
"Threre are some concerns about whether some of the goals set by the Green New Deal are realistic, but to argue that the blueprint is genocidal is hopelessly bonkers.",Expert (Spinde)
Democratic U.S. Rep. David Cicilline of Rhode Island eloquently blasted Republican Rep. Matt Gaetz of Florida during Wednesday’s House hearing on gun control.,Expert (Spinde)
"Donald Trump’s victory last November was not just a repudiation of the Democrat Party and Hillary Clinton. No, 2016 was a revolt against the entire Washington establishment, both on the left and the right. Don’t forget, Trump blew away everyone in the Republican primary too, from accomplished governors to Jeb Bush (R) from Tea Party darlings to washed up Senators. Trump wiped the floor with them.",Expert (Spinde)
"Meanwhile, a pervasive celebrity culture — in which celebrities are considered trusted “experts” solely because of their fame — has poisoned the idea of what constitutes expertise.",Expert (Spinde)
"There is no way to fling the footage into the Trash folder, or to edit the crap out of it until it sends the “right” message. Trump’s continued demands that the world act like a reality-show producer who can keep giving him mulligans only reaffirms that he is, above all things, a narcissistic moron.",Expert (Spinde)
"Consistently, Trump has fed the menacing right-wing misinformation machine by repeatedly insisting that the virus is “going to go away.” He has systematically undermined his own top scientists and is now ignoring them altogether.",Expert (Spinde)
Some people hate Trump and mock everything from his geography gaffes to his appearance. They’ve done the same thing with Rush. All of this mockery and vitriol is just an attempt to thwart their real success in revolutionizing American culture and politics.,Expert (Spinde)
Proponents of stricter protections for students argue the DOE’s recent rollback of Obama-era rules aimed at protecting students from predatory for-profit colleges will only lead to even more student failing to pay back their loans.,Expert (Spinde)
Social media users were quick to point out the interactions and slammed McGuire for appearing to undermine Coyne Schofield’s hockey skills.,Expert (Spinde)
"The words and notions of all these documents (Green New Deal, Venezuelan Constitution, UN Covenant “International Covenant on Economic, Social and Cultural Rights”, Stalin-written Soviet Constitution) may sound good to some, but in the end, they are just empty words at best, a siren call for the naïve, beckoning them to a socialist utopia, and at worst, lip service meant to distract from totalitarian brutality.",Expert (Spinde)
"Loeffler blamed leftist media, especially the Daily Beast, for perpetuating narratives that she might have violated statutes against insider trading. She continued, noting that the media created the narrative against her because, like President Donald Trump, she is a political outsider.",Expert (Spinde)
"As Congress begins debating the Equality Act, the Heritage Foundation warns that if the bill becomes law it will prove the death knell for women’s sports.",Expert (Spinde)
"Ernst, one of the Senate’s leading government waste hawks, unveiled legislation on Wednesday that would end a carveout for millionaires to obtain a taxpayer-funded unemployment benefit during the coronavirus outbreak.",Expert (Spinde)
"Naturally, of course, right-wingers reacted in the ugliest way possible: By arguing that Thunberg’s identity — as a young person, as a person on the autism spectrum and, although they are careful not to say this directly, as a girl — inherently discredits what she has to say.",Expert (Spinde)
"China – the country that throws its minorities into concentration camps and uses them for slave labor, the brutal authoritarian regime driven by Han Chinese racial supremacist ideology, the government that thinks nothing of wiping out entire villages if it needs to build a few dams quickly to put on a good show for the Olympics – boasted of its superior compassion and tolerance in the pages of the CCP’s Global Times on Monday",Expert (Spinde)
How anti-vaxxers target grieving moms and turn them into crusaders against vaccines,Expert (Spinde)
"Holding a face mask draped over a pen in his left hand, and reading from a script evidently placed slightly off-camera, Biden labored through a presentation that sought to portray Trump as a plutocrat serving his cronies.",Expert (Spinde)
"When the Muslim ban was first enacted, it triggered chaos at airports and prompted widespread protest and legal challenges, and it continues to impose devastating costs on families and people who wish to come to the U.S.",Expert (Spinde)
But the national and global trends spin a tale of two separate realities. An irrational fear of vaccines among well-educated and largely white Americans has fueled an utterly preventable and dangerous disease that had been considered “eliminated” by scientists.,Expert (Spinde)
"The American Petroleum Institute's (API's) estimates were released two days before South Carolina's Democratic primary, where the candidates will compete with platforms that push aggressive agendas on energy and the environment.",Expert (Spinde)
"For years now, Fox News has been mainstreaming arguments that used to be the province of  fringe websites run by neo-Nazis and other groups who believe the U.S. is meant to be a country of white people and for white people",Expert (Spinde)
"Alex Berenson, a former reporter at the New York Times who has written extensively debunking fearmongering claims related to the lockdowns wrote on Twitter Thursday that the tech giant to benefit the most from pandemic stay-home orders is refused to sell his latest book.",Expert (Spinde)
"Tens of millions of children under 12 months are potentially at risk for diseases such as diphtheria and polio as the Chinese coronavirus pandemic interrupts routine vaccinations, according to data published by global public health experts on Friday.",Expert (Spinde)
"Rather than help be a part of the solution, Trump is intentionally exacerbating the tensions–not only because he himself is a racist whose politics of authoritarian white grievance align with the same forces driving police violence itself, but because he is desperate and in grave political peril.",Expert (Spinde)
"Trump has also in his years in the White House frequently praised the use of violence. He told police officers in 2017 that they shouldn’t worry about hitting suspects’ heads as they place them in patrol cars. And on a conference call with governors on Monday, he berated them for not “dominating” the streets of their cities.",Expert (Spinde)
"The president has failed miserably at handling the first serious challenges of his presidency: COVID-19 and the racial justice protests, Conway charged. They have not only revealed the incompetence of the “failing, flailing” president, but his inhumanity as well, Conway argued.",Expert (Spinde)
"He justified his racism by saying that “many people agree with me,” and by continuing to rave on Twitter about how the real purveyors of “racist hatred” are those who look askance at his embracing the rhetoric of Stormfront and the KKK.",Expert (Spinde)
"John William King, 44, a white supremacist who orchestrated the attack, is the second man to be executed in one of the most gruesome hate crimes in modern U.S. history.",Expert (Spinde)
"U.S. Representative Alexandria Ocasio-Cortez on Thursday promoted her ambitious welfare legislation to constituents in her home district in New York, finding a friendlier audience than she often encounters in the glare of Washington.",Expert (Spinde)
"So it appears McCabe is allowed to lie to federal investigators about corruption affecting the U.S. government, cover it up with more lies, and get off scot-free even though what he did is a crime, while Stone faces years in prison for lying about gossip that affected nothing of public importance.",Expert (Spinde)
"Bush, who has largely avoided politics since leaving office in 2009, has recently weighed in on the Chinese coronavirus pandemic and the death of George Floyd — and while neither statement mentioned President Trump by name, they were regarded as veiled swipes at his handling of both matters.",Expert (Spinde)
Team Trump simply decided to consider changes that would have dramatic effects on those who rely on the social-insurance programs.,Expert (Spinde)
"Until recently, there seemed to be no broader plan behind NeverTrump’s early, and vigorous, opposition to Trump and his administration. But the contours of a plan have begun to emerge, particularly on social media, where the movement’s criticism of Trump alternates with praise for some of his opponents in the 2016 Republican primary.",Expert (Spinde)
"But the president kept his word when it came to the Court. It’s still early in the Trump era, of course, and we really have no idea how the residual political effects of our acute partisan battles or investigations or ugly rhetoric or the often-incompetent presidency will manifest in the long term.",Expert (Spinde)
"For a fleeting moment on Tuesday, the political universe was kumbayaing in mutual disgust at Donald Trump’s meeting with Robert Kennedy Jr.",Expert (Spinde)
President of Belarus refuses to cancel sports and scoffs at ‘Psychosis’ of coronavirus measures.,Expert (Spinde)
Six Republican Senators have failed to develop a coalition for their plan that exchanges a fifth of border wall funding for an amnesty for illegal aliens and increased immigration.,Expert (Spinde)
Hispanic foreigners attending the town hall — Fox News Latino did not say whether they were legal or illegal aliens — told Obama they feared that federal Judge Andrew Hansen’s stay on Obama’s executive order will force them to return to their home countries.,Expert (Spinde)
"Trump’s profound megalomania, impulsiveness, and defective character is what got us where we are today. If we are to have any shot at a real recovery, he needs to go.",Expert (Spinde)
"While sexual ambiguity does occasionally occur, the authors note, “intersex individuals are extremely rare, and they are neither a third sex nor proof that sex is a ‘spectrum’ or a ‘social construct.’”",Expert (Spinde)
"Finally, he launched into a meandering rant about Biden, suggesting that under the Obama administration, nothing was done to fix policing in the United States. While the previous administration surely didn’t do enough, and Biden himself has contributed to the criminal justice problems in the country, Trump completely ignored the fact that the Obama Justice Department actually did take significant steps toward reform following the protests in Ferguson.",Expert (Spinde)
House Republicans are gearing up for a sustained push to expose leftist Democrats in the House Democrat majority on their increasingly extreme views on abortion.,Expert (Spinde)
"Many conservatives came to Hawley’s defense, slamming Tapper’s attack on the Missouri senator.",Expert (Spinde)
Amazon first refused to publish a book skeptical of the mainstream narrative on the novel Wuhan coronavirus while still continuing to promote works by anarchists and Adolf Hitler.,Expert (Spinde)
"Tellingly, when not constrained by the debate format, these same politicians push the same narrative to garner support for bailing out student loans, all while the media provides the Democrats a free assist.",Expert (Spinde)
"Populist Interior Minister Matteo Salvini has slammed Saudi Arabia, the host of the Italian football Super Cup, for not allowing single women to attend the match without a man accompanying them.",Expert (Spinde)
"Opposition to immunizations was once largely limited to online bullying, but now opponents are increasingly taking their harassment tactics into the real world: aggressively following legislators and doctors and, in some cases, using physical violence.",Expert (Spinde)
"President Donald Trump asserted without evidence Friday that the COVID-19 pandemic will ""go away without a vaccine."" The comments contradict the belief of some of the president's task force members.",Expert (Spinde)
"Donald Trump claimed he has seen evidence the new coronavirus originated in a Chinese lab, as he threatened tariffs on Beijing over its role in the global pandemic.",Expert (Spinde)
China’s state-run media quickly seized on the obsessions of their American counterparts over the weekend by linking President Donald Trump to “white nationalism”,Expert (Spinde)
"Anti-vaxxers represent only about 2 percent of American families, although you’d be forgiven for thinking they’re more numerous. They certainly make a lot of noise and have some world-famous adherents. However, like malaria-carrying mosquitoes, this tiny group that punches above its weight may be on the verge of creating a public health problem for us all.",Expert (Spinde)
"People keep getting sick and the economy is cratering, but for Republicans, hating women is still a major priority: republican governors in Texas, Ohio and even Maryland are trying to use the coronavirus crisis as an excuse to block women from getting abortions, claiming that ending a pregnancy is a “nonessential” medical procedure that must be rescheduled.",Expert (Spinde)
"One driving force behind the record rates of youth sports officials and referees quitting is increasingly abusive and belligerent behavior by parents, including verbal abuse, threats and even fights.",Expert (Spinde)
"Of course, viruses don’t just “go away” regardless of the amount of propaganda or wishful thinking you throw at them. His theory, however, is telling. Trump’s strategy from the beginning of this crisis has been to minimize the threat and wish it away.",Expert (Spinde)
"In his failed bid for the Democrat nomination for 2020, Beto O’Rourke said churches that oppose same-sex marriage should lose their tax-exempt status.  In other words, toe the non-Biblical party line or else!",Expert (Spinde)
Impeachment Is Just Another Word For Delusional Democrats Holding The Nation Hostage,Expert (Spinde)
"Trump could sit on live TV, peeing his pants and whimpering that the protesters are coming for him, and his base would stick by him and claim to see courage in the urine puddles below his chair, just so long as he keeps the racism and the lib-triggering coming. They know he’s a “Bunker Boy,” but will pretend they don’t see it until the bitter end.",Expert (Spinde)
"Next came the sob stories. Those student loans are suffocating a generation, the candidates suggested. After all, “40 million of us who can’t start a family,” the diaper-changing daddy Swalwell contradictorily proclaimed, adding that they “Can’t take a good idea and start a business and can’t buy our first home.”",Expert (Spinde)
"President Donald Trump ridiculed Democrats promoting the Green New Deal on Thursday, during a campaign rally in Iowa.",Expert (Spinde)
Democrats Push Pork for Planned Parenthood in Coronavirus Package,Expert (Spinde)
We did consent to the lockdowns and now are suffering under the insanity that has flowed from them—economic suicide and petty local laws that serve no purpose other than to nanny us into submission.,Expert (Spinde)
"Facebook, YouTube and Amazon all answered with policy changes, removing some fear-mongering content related to vaccines.",Expert (Spinde)
"So, imagine the gall it would take to knock Winfrey for not being charitable enough. That’s what happened when a salty Instagram user slid into the comments under a photo Winfrey posted celebrating the graduates of Colorado College",Expert (Spinde)
In the past Putin has warmly welcomed home Russian agents arrested abroad.,Expert (Spinde)
"Donald Trump has taken heat for mostly refusing to mask up while performing his duties. This left the Biden camp with a choice to make when Joe woke up from political hibernation, and they went all in.",Expert (Spinde)
"Carmen Lodato wears a pin with her mother’s face — a reminder of the heart-wrenching murder six years ago in Alexandria, Va., that got her into the fight for gun control. ",Expert (Spinde)
"Franciscan friar Father Daniel Horan, a pro-LGBT priest and professor who will be speaking at the upcoming Los Angeles Religious Education Congress, took to Twitter this weekend to bash the March for Life and condemn without trial a group of white Catholic high school boys as “racists” for supposedly “taunting” a Native American man beating a drum.",Expert (Spinde)
"Abortionists, who prey on desperate people, should no longer receive your hard-earned tax dollars.",Expert (Spinde)
"Today’s mainstream media doesn’t want you to remember, but the early days of feminism were rife with ideological battles and  backstabbing that would put a medieval court to shame.",Expert (Spinde)
"Republicans will claim that they prioritize pro-life policies, and democrats will keep abortion sacrosanct.",Expert (Spinde)
That’s why a new proposal from a bevy of progressive lawmakers comes as a welcome and innovative addition to the policy arsenal: increasing the corporate tax rate in accordance with the gap between CEO pay and median worker pay.,Expert (Spinde)
"This is why Donald Trump is awake at 2:30 a.m., rage-tweeting. When he sleeps, he dreams, and his dreams are nightmares. He’s a frightened, desperate man. Every day, he turns on his television, and the death count from the COVID-19 virus keeps going up. ",Expert (Spinde)
Newly empowered Democrats in Washington and statehouses across the country are flexing their legislative muscle with a host of tax proposals that would affect billionaires and blue collar alike.,Expert (Spinde)
"As people sip cafecito and eat croquetas at the landmark restaurant, the buzz here these days is what Cubans say is the alarming rise of Democratic presidential frontrunner Sen. Bernie Sanders, whose unabashed defense of late Cuban dictator Fidel Castro has riled Cuban-Americans who view his comments as a personal attack.",Expert (Spinde)
"After witnessing the right-wing reaction to Greta Thunberg, the teenage climate activist from Sweden who spoke at the United Nations this week, there can be no doubt that modern-day conservatism, especially the Republican Party, functions primarily as a protection racket for the fragile egos of mediocre white men. ",Expert (Spinde)
"Even Richard Nixon, to whom Trump likes to compares himself to, was occasionally willing to venture out into crowds of protesters to talk to them. Trump, however, is such a wuss that he made his cadre of protectors tear-gas people rather than subject himself to a crowd’s insults. Far from proving he was a tough guy, Trump’s actions only led to another round of taunting about his wimpiness.",Expert (Spinde)
Some of the liberal opposition is often grounded in the mistaken belief that Warren’s plan would do more to reduce the racial wealth gap than Warren’s. The opposite is true: full cancellation would reduce the racial wealth gap more than Warren’s plan would. ,Expert (Spinde)
"A three-year-old girl in China’s Jiangsu province died after receiving a rabies vaccination last month, an ominous development in light of persistent scandals over low-quality and improperly-handled vaccines.",Expert (Spinde)
"Since the beginning, Biden has been grasping at the coattails of America’s first black president and relying on his administration’s laurels related to Obamacare, race relations, gun restrictions, and climate change.",Expert (Spinde)
But the British Government — and this one’s Conservative; imagine what a Labour one would be like! — is so wedded to green ideology and so nervous of the well-funded anti-fracking campaign industry that it has imposed such extreme precautionary principles on shale gas exploration that the fracking industry has effectively been strangled at birth with red tape.,Expert (Spinde)
"In February, Breitbart News’s John Binder reported that Trump’s travel ban halted almost all legal immigration from countries designated as sponsors of terrorism.",Expert (Spinde)
While Democrats were diverting the attention and energy of the entire country into a pointless trial that could not possibly have ended in anything other than President Donald Trump’s acquittal...,Expert (Spinde)
Trump proceeded to ignore multiple other attempts made over subsequent weeks by his advisers and Republican allies to get him to take the pandemic seriously. Instead he dismissed their warnings as “alarmist” and would go on to hold a number of rallies (seven) and golfing outings (three) between learning of Obama’s pandemic playbook and ultimately declaring a national emergency.,Expert (Spinde)
Democrats are shortsighted if they simply believe that creating new limits on gun ownership will increase Americans’ safety.,Expert (Spinde)
"Jose Acosta, 33-year-old Honduran immigrant, snuck into the U.S. eight months ago in Eagle Pass, Texas, but was apprehended weeks later in Houston on his way to a job in North Carolina.",Expert (Spinde)
"Liberal economist and New York Times opinion writer Paul Krugman, in a scathing column this week, warns that extreme events like the wildfires that have been devastating Australia are a preview of things to come — and he stresses that right-wing politicians who deny the reality of climate change are as great a threat as the events themselves.",Expert (Spinde)
"Oh for crying out loud. The desperation. Imagine if you got your news only from the New York Times, and how bigoted that would make you against non-liberals.",Expert (Spinde)
"For the latest grisly example of hypocrisy, “progressive” cronyism, feminist cry-bullying, and Deep State entrenchment, look no further than Britain’s Chief Medical Officer Dame Sally Davies.",Expert (Spinde)
While Democrats were busy diverting the attention and energy of the entire country into a pointless trial that could not possibly have ended in anything other than President Donald Trump’s acquittal...,Expert (Spinde)
"Donald Trump is not an ideas man. This has been a defining feature of his presidency. He’s not a learned policy wonk, understanding the complex nuances of law and governance. He is, at his core, just a former game show host and a con man.",Expert (Spinde)
The American president’s threat to reverse that decision and impose the metals tariffs is the latest example of his mercurial approach to trade policy.,Expert (Spinde)
"...immigrants as criminals and eugenics, all of which were once considered fringe and extreme. White nationalists embrace white supremacist and white separatist views.",Expert (Spinde)
"And sure, Republicans are stupid enough to go out and get infected, doing the virus’ dirty work for it. But the economy isn’t going anywhere as long as most people, who are sane and smart, refuse to put themselves in danger for a movie or haircut.",Expert (Spinde)
"Such rivals as House Speaker Nancy Pelosi and Senate Majority Leader Mitch McConnell saw overstepping in the name of climate change, a blown campaign rollout to even explain all of its aspirational aspects, and, more generally, a need to slap down an unruly first-year Democratic Socialist.",Expert (Spinde)
"Right-wing media sprung into action to try to discredit her, of course, by implying that a woman who graduated summa cum laude with an economics degree is a bimbo and with  Twitchy using a screenshot to make the usually genial Ocasio-Cortez somehow look like a ballbuster.",Expert (Spinde)
Officials at Dartmouth College looked the other way this week when a group of leftist student activists disrupted classes to bring attention to their support for the Green New Deal.,Expert (Spinde)
And his demagoguery around the Central American immigrant caravans and asylum-seekers continually obscure the fact that asking for asylum is an entirely legal form of immigration — even though Trump and his defenders now like to call it a “loophole.”,Expert (Spinde)
"If China’s actions in the coronavirus catastrophe offer any window into this communist regime’s machinations, deceitfulness, and debasement of human life, it is that the threat they represent is unlike anything America has faced.",Expert (Spinde)
"In addition to mocking Ivanka for her looks, the exhibit that invites people to throw trash at vacuuming Ivanka Trump lookalike demeans the First Daughter’s success as a business woman and White House advisor to that of a woman with a vacuum—as if something’s wrong with that, too. ",Expert (Spinde)
Climate Wunderkind Greta Thunberg has garnered gushing praise from celebrities during her environmental crusade.,Expert (Spinde)
"Jurek, a Sanders staffer in Iowa, was caught arguing that gulags were beneficial for the Soviet Union and suggesting they could be used to re-educate both Trump voters and billionaires.",Expert (Spinde)
"A plan known as the Fairness for High-Skilled Immigrants Act is a boon to Silicon Valley billionaires, big business elites, and outsourcing firms, as they would be able to readily import more lower-paid Indian and Chinese foreign workers to take American jobs that would have otherwise gone to American citizens.",Expert (Spinde)
"But Trump and his most ardent supporters seem almost physically repulsed at the very idea of wearing a mask. One Republican Ohio state legislator even claimed that since “we are all created in the image and likeness of God,” covering the face with a mask is an affront to God’s creation.",Expert (Spinde)
"The president’s likely opponent in the November elections, Democrat Joe Biden, was not among those who were inspired. Instead, tone-deaf as he is to the American people and the things of the Spirit, he said the president’s appearance outside the church shows he “is more interested in power than in principle.”",Expert (Spinde)
"Trump, who opted against giving a Super Bowl pregame interview last year, made several eyebrow-raising remarks during his interview with host Margaret Brennan, touching on topics including his plan to withdraw U.S. troops from Syria and whether he would let his 12-year-old son play football.",Expert (Spinde)
"The Democratic candidates predictably criticized the worst Trump administration immigration policies, such as families separated at the border and chronic uncertainty for undocumented people in the U.S., many of whom arrived decades ago as children.",Expert (Spinde)
"Not content to recede gracefully, or even to steer clear of various conspiracies on par with fluoride and gay frogs, Miss Havisham is still at it. This time, she’s got a righteous burn for President Trump, imagining how John F. Kennedy would have sounded had he written a letter to former Soviet leader Nikita Kruschev along the lines of Trump’s recent letter to Turkish President Recep Erdogan.",Expert (Spinde)
"For starters, Gautney, per her Twitter profile, is an associate professor of sociology at Fordham University, a private school located in New York City. None of this is a problem on its own; in a free society, people should be able to tweet whatever dumb things they want while working in whichever industry or field of research.",Expert (Spinde)
The Times’ about-face was just one example of a little Orwellian campaign that’s sprung up in the liberal media since the Disneyland measles outbreak to try to rewrite history by shoehorning vaccine opposition into the shopworn trope that it is conservatives who are “anti-science.”,Expert (Spinde)
Her proposal brings into sharp focus conservatives’ crusade to legislate control of women’s bodies through restrictive abortion bills and other measures that undermine reproductive rights.,Expert (Spinde)
The declaration that a man’s penis becomes a female penis once a man declares himself to be transgender is built on the transgender claim that men who say they are women are actually women. ,Expert (Spinde)
U.S. women’s soccer team co-captain Megan Rapinoe is begging prominent male soccer stars to must begin agitating for political causes.,Expert (Spinde)
"Ultimately, the best way to defeat the idea of white supremacy is to ignore cartoon villains like Spencer and Anglin. They’re bigots, losers, and attention-seekers who survive on the oxygen the media gives them.",Expert (Spinde)
The photograph of Katie Bouman sitting in front of her computer with the first black hole image instantly made her the face of the project — which is why an informal coterie of sexist trolls kicked off a sexist investigation to invalidate her contributions.,Expert (Spinde)
"This is a positive for the party’s electoral prospects, after a bitterly fragmented primary. Unfortunately, the people selected for the task forces demonstrate how not only the party establishment, but even an insurgent progressive like Sanders, privilege certain topics over others. The criminal justice reform task force is incredibly milquetoast.",Expert (Spinde)
"As a political calculation, it shows Biden’s campaign is confident about their standing with many suburban moderates who were swing voters in the past but have moved solidly into the Democratic Party during Trump’s presidency, offended by his bullying demeanor and chaotic style.",Expert (Spinde)
"In certain ways, 2020 feels a lot like 1968. Federal troops and local police are clashing with Black people sick of police brutality and discrimination. Americans are dying in massive, alarming numbers ― then, in the Vietnam war; now, as the coronavirus pandemic spreads across the nation. Americans are angry.",Expert (Spinde)
"Remarkably, the first three years of Trump’s presidency were relatively smooth sailing outside of self-inflicted crimes and mishaps. His actual approach to life was never fully tested in the Oval Office. Now, with the first real challenge of his presidency, he is utterly adrift.",Expert (Spinde)
"In fact, the scenario of killing babies after they're born that Trump depicted was ridiculously false.",Expert (Spinde)
"The idea behind the conspiracy is that these miracle vaccines — and they are medical miracles — can cause autism, when there is no data to back that up.",Expert (Spinde)
Inhibiting travel and commerce—not to mention making consular interviews deeply intrusive on a gendered basis—by imposing restrictions on pregnant women is an alarmist reaction to a small issue.,Expert (Spinde)
"Greta Thunberg, the teenage climate activist from Sweden, the 16-year-old’s steely-eyed courage has helped inspire kids across the country — and the world — to join her call to strike from school last week and stand up for more aggressive action to combat the climate crisis.",Expert (Spinde)
"There was no immediate confirmation from US officials about the alleged plan to slash US troop numbers in Germany and cap them at 25,000 in future. But Trump’s lukewarm support of longstanding cooperation agreements with European allies has long caused alarm on the continent.",Expert (Spinde)
"Thanks to the GOP’s commitment to voter suppression, paired with decades of phony rhetoric about voter fraud, millions of black and brown Americans have no access to the ballot box.",Expert (Spinde)
"Bear in mind that none of these moneyed elites did anything to earn these extraordinary bonanzas. They didn’t work any harder, didn’t get smarter, didn’t add anything of value to society but simply reclined in luxury and let their money make money. ",Expert (Spinde)
"The travel ban would not have prevented the country’s deadliest terrorist attacks in recent years, which were committed by right-wing Americans, not immigrants: the anti-immigrant extremist who killed 22 shoppers at a store in El Paso; the white supremacist who killed 17 students and teachers at a school in Parkland, Florida; or the anti-Semite who killed 11 worshipers at a synagogue in Pittsburgh.",Expert (Spinde)
"Unbelievably, with all they had seen their child suffer, his parents not only refused the doctor’s suggestion that he receive another DTaP vaccination they also declined all the other scheduled vaccinations the boy had missed.",Expert (Spinde)
Bevin’s downplaying of the necessity of vaccines is reckless — but deliberately infecting his children is much more so.,Expert (Spinde)
"A federal judge dismissed the United States women’s soccer team’s bid for equal pay on Friday, rejecting claims the players had been underpaid in a crushing defeat for the reigning world champions.",Expert (Spinde)
"We used to think of interracial marriage as a sign of social progress. Now, thanks to The New York Times, we know it’s just another sinister tool of white supremacy.",Expert (Spinde)
"In Tuesday night's debate, the two progressive senators de-escalated a tense round of tit-for-tat exchanges between their presidential campaigns over the charged issues of gender and electability.",Expert (Spinde)
President Donald Trump touted how his reversal of Obama-era regulations on the fossil fuel industry has led to the United States being the largest producer of oil and natural gas in the world during his State of the Union address on Tuesday at the U.S. Capitol.,Expert (Spinde)
"Even if you don’t speak white nationalist dog whistle, this speech is pretty shocking. Hawley is claiming that the United States is run, and has been run, by a secret group of international “elites” who value terrible things—such as education, achievement, and progress.",Expert (Spinde)
"The government wants to usurp parents, any chance they get. What consequences does this have in the lives of American families?",Expert (Spinde)
"CNN anchor Chris Cuomo was quick to defend climate activist Greta Thunberg from ""Trumpers"" who mocked her on Thursday but was quickly reminded about the settlement his network recently made with Covington Catholic High School student Nick Sandmann.",Expert (Spinde)
"In a part of the country where the rules about who can access abortion care vary dramatically from state to state, the COVID-19 pandemic has sewn another layer of confusion.",Expert (Spinde)
"As a result, income inequality now rivals that of the robber baron days of the early 1900s, when labor unions were virtually outlawed while corporate monopolies thrived.",Expert (Spinde)
"The U.S.-Saudi war in Yemen, the bloody war that Trump continued, over the bipartisan congressional objections, has generated the world’s worst humanitarian crisis, and it is farther than ever from success.",Expert (Spinde)
"Matters worsened for him when COVID-19 hit the United States and exposed him not just as a divisive buffoon, but a cynically incompetent one. The Administration delayed its response, worried that any action they took would hurt the stock market and erode Trump’s last remaining electoral strength.",Expert (Spinde)
"If sports don’t trump religion as the opiate of the masses, they have, until recently, been at least the background music of most of our lives.",Expert (Spinde)
"Republicans, however, are likely to vehemently oppose the plan to tax the wealthy.",Expert (Spinde)
"High unemployment numbers among foreign-born nationals have been an issue that has plagued Sweden for years, with reports often showing the migrant unemployment rate as being several times higher than that of native Swedes.",Expert (Spinde)
"While it’s perfectly evident that Trump does have racist supporters (which he is suspiciously reluctant to condemn), many contend that Trumpism is itself not racist, but merely a justified reaction to the Left’s racial patronage.",Expert (Spinde)
"But Bannon — the former Harvard Business School grad, Goldman Sachs managing director, and Hollywood mogul — cast California as a linchpin in the fight to halt the spread of what he called the globalist and elitist agenda. He urged Republicans to organize, rise up — and put up a fight to hold on to California House seats that are considered vulnerable in 2018.",Expert (Spinde)
"The leader of India, Prime Minister Narendra Modi, has been groomed by the right-wing, xenophobic and Islamophobic Rashtriya Swayamsevak Sangh (RSS) along with its polticial arm, the Bharatiya Janata Party (BJP).",Expert (Spinde)
"As Santa Claus loads his sleigh led by flying reindeer, climate change proponents are spreading the story of the animals’ plight because of global warming.",Expert (Spinde)
"Americans crashed the Selective Service Agency’s website in early January because of a false rumor that signing up for federal student aid through FAFSA also meant signing up for the draft. Luckily, it turns out that 18-year-olds don’t have to go to boot camp when they apply for student loans. But they could be signing up for burdensome debt.",Expert (Spinde)
"Donald Trump became the first U.S. president to attend the annual March for Life in Washington on Friday, unleashing a fierce attack on his Democratic rivals during a rally in an election-year show of support for opponents of abortion rights.",Expert (Spinde)
"But even after contracting a life-threatening infection that might have been prevented by a vaccine, his family stood firm on their anti-vax stance. ",Expert (Spinde)
"When did vaccines become politicized? Amid a measles outbreak, suddenly Republicans support anti-vaxxers.",Expert (Spinde)
"There can be no serious discussion of this issue, however, in 60-second sound bites. So, beyond the soak-the-rich shtick that shades every Democratic economic debate point, the candidates resorted to two tactics: shock and sob stories.",Expert (Spinde)
"It’s all part of an endless, dehumanizing Fox News campaign to silence opponents, and specifically to silence and intimidate Democratic women.",Expert (Spinde)
"Planned Parenthood, the abortion industry giant says the “white supremacy” and “systemic bias in policing” that “took George Floyd’s life” are the same factors involved in “attacks” on women’s abortion rights.",Expert (Spinde)
Democrats have made it clear they will sandbag the people we’ve elected to govern if we refuse to vote for Democrats. ,Expert (Spinde)
"Borrowing from Hillary Clinton, leftist Italian media have labeled those attending the pro-family Congress a “list of deplorables,” calling pro-life and pro-family advocates “neofascists” and “homophobes.”",Expert (Spinde)
Greenpeace co-founder and former president of Greenpeace Canada Patrick Moore explained to Breitbart News how Greenpeace’s original spirit of celebrating humanity was usurped by an anti-human Malthusian vision.,Expert (Spinde)
"The whiteness of the protests alongside the stark racial disparities in COVID-19 mortality underscores that the desire to reopen businesses is rooted in white supremacy. As if it weren’t already clear, in Michigan where the nation’s most prominent protest took place, armed white men demanded an end to the lockdown while carrying Confederate flags, swastikas, and nooses.",Expert (Spinde)
White people are being asked—or pushed—to take stock of their whiteness and identify with it more. This is a remarkably bad idea.,Expert (Spinde)
"For that matter, Christianity is equally anti-suicide. And yet, the Christian Right and many of President Donald Trump’s far-right white evangelical supporters have been encouraging behavior that is suicidal. ",Expert (Spinde)
"Among rich lefties, perhaps, this new reality was acceptable, as it dovetailed with their guilt over their own success.",Expert (Spinde)
"Hillary’s letter is painful. It’s riddled with stilted speech and a weak attempt to use swear words like that other future has-been who at least can kind of skateboard and pretend to air drum. Whether or not you agreed with Trump’s approach, at least his fondness for cuss words is authentic, something Hilldog struggles with.",Expert (Spinde)
"The DACA amnesty-for-wall funding plan is despised by Trump’s most loyal supporters who have warned the administration against caving to the big business lobby and billionaire donor class, both of which have pushed for an amnesty for illegal aliens for the last two years.",Expert (Spinde)
"The U.S. manufacturing jobs boom comes as free trade economists, billionaire donors, and establishment media pundits have routinely claimed that Trump’s 25 percent tariff on imported steel and ten percent tariff on aluminum would cripple the American economy.",Expert (Spinde)
"The irony, of course, is that the exhibit that invites people to throw trash at vacuuming Ivanka Trump lookalike reflects every stereotype feminists claim to stand against, oversexualizing Ivanka’s body and ignoring her hard work.",Expert (Spinde)
"At the time, Moynihan was primarily concerned that irresponsible politicians promising their constituents an insupportable array of handouts would jeopardize America’s economic well-being. ",Expert (Spinde)
"Alzheimer’s patients, lower-income preschool children, and HIV and cancer patients are among the Americans whose needs may go unmet so that the Trump administration can afford to detain thousands of migrant children.",Expert (Spinde)
"Sure, some people might prioritize Netflix and pumpkin spice lattes over student loan payments and retirement contributions. But for people like David (not his real name), a 32-year-old living in Harlem, New York, banking fees eat up a good chunk of his income.",Expert (Spinde)
"President Donald Trump accused Democrats of “politicizing” the deadly coronavirus during a campaign rally here on Friday, claiming that the outbreak is “their new hoax” as he continued to downplay the risk in the U.S.",Expert (Spinde)
"This, of course, was before the president ignored his national security team, withdrew U.S. forces from northern Syria, and effectively invited Turkey to launch a brutal offensive against our Kurdish allies.",Expert (Spinde)
"Voting in quasi-militarized settings was not confined to the nation’s capital. In Philadelphia, on election eve, the mayor announced a curfew that was slated to take effect an hour before its polls closed, but subsequently delayed it after an outcry by other city officials and activists. ",Expert (Spinde)
"And in return for the value you have created, the employment you have provided and the tax revenue you have generated, all you get is a bunch of chippy socialists and whiny Remoaners accusing you of being selfish, greedy, and unpatriotic.",Expert (Spinde)
"In February, Mexican illegal alien Pablo Hernandez was driving a pick-up truck when he struck a six-year-old boy and a 16-year-old teenage boy as they were crossing the street. ",Expert (Spinde)
"Of all the pandering showcased during Democrats’ attempts to win back the presidency, wiping out student debt ranked at or near the top.",Expert (Spinde)
"Should China be the first country to develop an effective vaccine, dictator Xi Jinping has promised to provide the world with “free” coronavirus vaccines paid for by Beijing. ",Expert (Spinde)
"On one hand, naive teenagers who signed off their financial futures to leftist, anti-American institutions would catch a break. The college cartel screwed you; now here’s a government waiver to make you forever grateful to the Democrats. ",Expert (Spinde)
"Thus far in the 2020 presidential campaign, Biden has flippantly downplayed the threat from China, only to quickly walk back his comments when he faced backlash.",Expert (Spinde)
The astute observer will note that China is not exactly eager to take in large numbers of migrants or refugees from beyond its borders.,Expert (Spinde)
"During the campaign, it was clear that much of the momentum behind NeverTrump was driven by narcissism, as well as by self-interest. NeverTrump gambled on a Hillary Clinton victory, preparing to blame Trump supporters and hoping to take revenge.",Expert (Spinde)
"These numbers also help illuminate Democrats’ thinking: Since Trump has no wiggle room with his base, they are content to watch consequences pile up, driving Trump’s overall numbers further into the ditch.",Expert (Spinde)
"Though the author reserved much of his political bile for Democrats, he also attacked Republicans and espoused some left-wing views, claiming that “our lifestyle is destroying the environment of our country.”",Expert (Spinde)
"The two men are known to be friendly and frequently golf together at Mar-a-lago. But apart from their friendship, Trump should feel a great bond with Limbaugh. After all, without his three decades of on-air bombast, bluster, and fearless defense of his audience, there likely would not be a President Trump.",Expert (Spinde)
"AOC, like all powerful women, has to go through a rigorous beauty regimen simply to exist in the public eye.",Expert (Spinde)
"Trump supporters obviously don’t want to admit this. If you turn on Fox News, read Breitbart and The Daily Wire or browse through the cesspools of YouTube or Reddit, you’ll find plenty of people who spin or defend Trump’s bungling.",Expert (Spinde)
"All of which serves as an important reminder: the president isn’t just ignoring scientists and related policy experts; he’s also ignoring his own administration that issued a related report, noting that climate change is a global security threat.",Expert (Spinde)
"President Donald Trump, however, would have us all eat our “one marshmallow now” with a reckless return to pre-pandemic life. He would risk igniting a second wave of infection, which would entail the needless sacrifice of thousands of more lives and a squandered chance to lay the foundation for a durable post-pandemic economy.",Expert (Spinde)
Obama’s joke about moat with alligators came to mind while reading a newly published report from the New York Times on Donald Trump’s zealotry on border policy.,Expert (Spinde)
"Cohen said political leaders are playing with fire when they promote white supremacist talking points, such as exaggerated claims of the security threat immigrants present and their supposed drain on public resources, to stoke their supporters.",Expert (Spinde)
"In court and in public, the administration defended the extreme and disruptive measure being based on national security considerations, though it was clearly an instantiation of Trump’s bigoted campaign promise to end all Muslim immigration to the United States.",Expert (Spinde)
Rowe then dismantled each of Atkins’ unsubstantiated points. He lambasted celebrities for constantly broadcasting their political opinions as though their views have any impact on most Americans.,Expert (Spinde)
"Michael Mann, arguably the world’s no. 1 climate alarmist, does not explain how it was possible for him to witness climate change “first hand,” which would be difficult to do, since by definition climate change — unlike weather — takes place over long periods of time.",Expert (Spinde)
Rep. Steve King’s (R-Iowa) comments on race earlier this month elicited a warranted firestorm of indignation across American politics and media.,Expert (Spinde)
"But existing U.S. sanctions already place such huge obstacles in the way of Iranian oil exports and imports of food, medicine, and other consumer products that it is hard to imagine what further pain these new sanctions can possibly inflict on the besieged people of Iran.",Expert (Spinde)
Trump’s evangelical cabal are behind Republican attacks on women’s reproductive rights.,Expert (Spinde)
This argument that the real way to end abortion is to make abortion unnecessary by establishing a generous cradle-to-grave welfare state is also an extension of the dishonest taunt that conservative Christians only care about babies before they’re born.,Expert (Spinde)
"In 2016, Donald Trump fueled his improbable presidential victory with an arsenal of catch phrases designed to incite and excite the Fox News and Breitbart audience who live in fear of America’s diversity and inevitable demographic changes.",Expert (Spinde)
"President Donald Trump's top health advisers – Anthony Fauci and Deborah Birx – showed up at a White House event Friday with protective masks, though the president himself continued to spurn any kind of face covering.",Expert (Spinde)
"This would not be the first time Biden has been criticized for his ideas on combatting climate change, which – in the past – have paled in comparison to the ideas offered by ultra-progressive Sanders, who rolled out a massive $16 trillion Green New Deal plan this week.",Expert (Spinde)
AP Confirms: Democrats Are Lying to the Public About Coronavirus Readiness...,Expert (Spinde)
"The result was a mess: car manufacturers, which had already begun taking steps to comply with the Obama-era tough fuel-efficiency standards for the auto industry, faced the prospect of having to make different vehicles to sell in different parts of the country.",Expert (Spinde)
"While falling short of calling half the nation “deplorable” as former Secretary of State Hillary Clinton did in 2016, the comments echo a deep disdain for a large population of the country increasingly perpetuated by left-wing elites in the wake of the George Floyd protests characterizing the U.S. as irredeemably racist.",Expert (Spinde)
"Liberals, sadly, were not prepared to let whiteness remain Times New Roman. They poked and they prodded, and eventually got the resentful backlash they were provoking.",Expert (Spinde)
"Parents held rare public demonstrations as fears of a government cover-up grew, driven by a history of vaccine problems turning out to be much worse than Chinese officials originally admitted, combined with the government’s tendency to suppress popular discontent and suppress those who ask awkward questions.",Expert (Spinde)
"Take, for example, the four reliably liberal Supreme Court justices, all of whom believe it’s OK to compel Americans to pay dues to political organizations they disagree with, to coerce them to say things they abhor, and to compel them to create things that undermine their principles.",Expert (Spinde)
"So while there may be a humanitarian crisis driving more vulnerable people to seek asylum in the United States, there is no security crisis.",Expert (Spinde)
"Remember how incensed people got when Trump floated his (admittedly, impractical) ideological test for immigrants.",Expert (Spinde)
"In the months that followed, all independent polling has found the American mainstream not only blames Trump and his party for the shutdown, but also does not want to spend billions of taxpayer dollars on an ineffective and unnecessary border wall.",Expert (Spinde)
"In his ongoing effort to differentiate between himself and Bernie Sanders, Joe Biden is touting background checks but ignoring the fact they do not stop mass public attackers.",Expert (Spinde)
Anti-vaccine groups take dangerous online harassment into the real world,Expert (Spinde)
"Sen. Elizabeth Warren, D-Mass., Thursday released a sweeping immigration plan that would dramatically increase the number of refugee admissions by nearly 800 percent from FY 2018 and 250 percent from the Obama years.",Expert (Spinde)
"On Tuesday, AOC once again ignited a media firestorm when she continued bashing President Trump's administration by alluding to Nazi Germany while describing the way Trump detained migrant families on the border.",Expert (Spinde)
"Of course, billionaires and corporations that reaped millions of dollars from the GOP tax cuts pumped some of that windfall into Republican campaigns, allowing Sen. Mitch McConnell, R-Ky., to retain control of the Senate.",Expert (Spinde)
"Donald Trump, by design, is a chaos monster who shovels crap out faster than people can process it.",Expert (Spinde)
Top Six Awful Democrat Ideas Senate Republicans Blocked from Coronavirus Bill...,Expert (Spinde)
"Last week, the House Judiciary Committee moved forward with plans for an expansive investigation into Trump World abuses, prompting White House Press Secretary Sarah Huckabee Sanders to release a rather intemperate press statement.",Expert (Spinde)
"Michael Mann, arguably the world’s no. 1 climate alarmist, goes on to make proclamations that only a publication as ideologically compromised as the Guardian would think to publish.",Expert (Spinde)
"During her acceptance speech for best actress in a limited television series for Fosse/Vernon, Williams went on a bizarre rant about the need for abortion rights in the United States and for American women to vote for pro-choice candidates during election years.",Expert (Spinde)
"The new “wealth tax” is not out of character for Warren, who has long railed against income inequality and the uber-rich, but would mark a move to the left by the party as a whole if it were adopted.",Expert (Spinde)
"Even the European Union (with the Maastricht Treaty in 1993) has adopted the radical economic and political ideologies of Thatcherism and Reaganism—neoliberalism—that benefitted wealthy elites while forcing austerity on its poorer member nations, inflicting massive pain and inciting right-wing movements in Greece, Spain and Italy, among others.",Expert (Spinde)
"But, yeah, good work each and every one of you reporters who made this fake story something to waste time on this week. You’re all hacks.",Expert (Spinde)
"Now, the data shows there is an aftershock in the form of the looming tsunami of student debt defaults that will hit communities of color the hardest, according to data compiled by the National Center for Education Statistics and Demos, a progressive think tank.",Expert (Spinde)
"With this in mind, the Trump administration reportedly hopes to reduce poverty in the United States, not by making a material difference in struggling families’ finances, but by tinkering with the threshold for what counts as poverty.",Expert (Spinde)
"Why did Democrats vote overwhelmingly against a bill that would require infants born alive after abortion to be treated as any other infant born at that gestational age? Because abortion is the right to destroy one’s own child, and if a woman chose to kill her baby, to the left it would seem a violation of her so-called right to choose for doctors to try to save that baby.",Expert (Spinde)
"Large majorities of both parties seem to like the Green New Deal, despite efforts by Fox News to paint it as disastrous.",Expert (Spinde)
"Today, the cumulative stress of Donald Trump’s escalating trade war is leading to if not an irreparable breach between America and China, then certainly a significant fraying.",Expert (Spinde)
"A gaggle of representatives from theologically liberal denominations recently issued a statement against Christian nationalism in America, claiming that it threatens both American democracy and the ability of our religious communities to live in peace.",Expert (Spinde)
"Bernie Sanders Is Crazy, But The Only Democrat Candidate Voters Actually Like",Expert (Spinde)
"The House Wednesday overwhelmingly backed a resolution condemning President Donald Trump's decision to withdraw U.S. troops from Syria, a rare bipartisan rebuke at a time when the president is trying to shore up GOP support to stave off impeachment.",Expert (Spinde)
"Also, decades of NRA propaganda have convinced people to associate guns with safety and, indeed, as the economy craters, the NRA is treating this crisis as another opportunity to sell guns to people.",Expert (Spinde)
"Young white men, reacting to social and educational constructs that paint them as the embodiment of historical evil, are fertile ground for white supremacists.",Expert (Spinde)
"A bold statement Wednesday from former Secretary of Defense Gen. James Mattis eviscerating Donald Trump has landed like a bomb in the Senate Republican caucus, sending members fleeing in all different directions.",Expert (Spinde)
"In response to Hawley’s criticisms, Sargent went to his blog Monday night to accuse Hawley of racialist dog-whistles.",Expert (Spinde)
Perhaps that is why both Warren and Sanders have gone out of their way to hammer home the fact that their proposals would only affect the wealthiest Americans.,Expert (Spinde)
He lied about matters large and small. He refused to shake House Speaker Nancy Pelosi's outstretched hand. He talked up a divisive culture war.,Expert (Spinde)
The U.S. moved aggressively over the past year to reduce the number of asylum seekers arriving at its southwest border through a series of measures aimed at making it a less attractive option.,Expert (Spinde)
Lawmakers who claim to care about women’s emotional health would do better to listen to the hundreds of thousands of women who seek abortion care every year and know it is the right decision.,Expert (Spinde)
It is a monumental ode to human stupidity that the wealthiest nation in the world teeters on the edge of a dangerous measles epidemic at the same time that poor nations are struggling to vaccinate their residents. ,Expert (Spinde)
"A professor who teaches climate change classes — a subject some would question as a legitimate area of study — said she has seen students who suffer fear, grief, stress, and anxiety about the future.",Expert (Spinde)
"The nation's chief diplomat didn't seem to agree, however. He complained about the line of inquiry and complained about the Obama administration for a while.",Expert (Spinde)
The author of the piece Omar tweeted out seemed to have no problem with wiping out $1.5 trillion in student loan debt and promising everyone a subsidized higher education.,Expert (Spinde)
"Spencer speculated that the media may be ""soulless golem,"" a reference to magically animated beings from Jewish folklore.",Expert (Spinde)
"For one thing, his plan would slash subsidized student loan repayment plans, and let the government crack down on missed payments. To left-wing politicians who think the state should hand out more subsidies, this might as well have been Armageddon.",Expert (Spinde)
"For decades, opponents of reproductive rights have faced a judicial arithmetic they could not overcome: there simply weren't five justices willing to overturn Roe.",Expert (Spinde)
"To the thinking person, the claim doesn’t make sense. How could this be a new phenomenon adopted from the small white nationalist movement when mainstream conservatives have been fighting to end affirmative action for decades?",Expert (Spinde)
"Trying to bar women from abortion is bad enough in regular times, but it seemed even more sadistic during a pandemic and an economic crash, when financial and health concerns weigh more heavily than ever on women deciding whether or not continue pregnancies.",Expert (Spinde)
Polling for the Democratic nomination tells a depressing story for those seeking to break the glass ceiling and make the ultimate stand against patriarchy: the top contenders for the Democratic nomination are currently all white men.,Expert (Spinde)
"Now that most of America has begun opening back up without the predicted spikes in coronavirus and Joe Biden has left his basement bunker, Americans are remembering that there’s an election going on. As normalcy quickly returns some places, so to has the battle for 1600 Pennsylvania Avenue.",Expert (Spinde)
"That’s because while these problems have been centuries in the making from slavery to Jim Crow to Ferguson and beyond, Donald Trump’s particular failings as a person and a candidate are fanning the flames of the crisis.",Expert (Spinde)
"Looking around the United States, there is never enough welfare for the left to stop killing developing humans in utero—solidly Democratic states lead the nation in abortion rates. ",Expert (Spinde)
"Perhaps the pushback from the Pentagon will increase the political cost, but if congressional Republicans won’t break with the president, then he’ll probably be able to create the carnage he seeks without too much difficulty.",Expert (Spinde)
"For the most part however, Biden’s campaign has faded into the background of American politics as the nation struggles to combat the coronavirus pandemic and a new surge in violent demonstrations engulfing the country in a storm of anarchy.",Expert (Spinde)
Stephen Colbert and Jimmy Kimmel are firing back after President Donald Trump's biting comments about them and fellow late-night hosts Jimmy Fallon and Seth Meyers.,Expert (Spinde)
"However, social media watchdogs are foaming at the mouth over the choice to place a teen climate activist on a panel with public health experts.",Expert (Spinde)
"The message from the Bouman backlash is that if you are a woman who becomes the face of a massive scientific breakthrough, sexist internet trolls will spend way too much of their time harassing you and trying to disprove your credibility.",Expert (Spinde)
The flurry of hirings brought the NFL under fire Tuesday from those who think the league’s “Rooney Rule” – an NFL policy that requires teams to interview minority candidates for head coaching and senior football operations jobs – doesn't do what it's intended to do.,Expert (Spinde)
"In July 2019, Rep. Alexandria Ocasio-Cortez, D-N.Y., and other Democrats visited a similar processing center in Clint, Texas, and made explosive allegations about the conditions there.",Expert (Spinde)
President Donald Trump is getting called out on social media after posing in front of a church with a Bible ― a photo-op possible only after police fired tear gas and rubber bullets at peaceful protesters to clear the area. ,Expert (Spinde)
"Nevertheless, the media jihad continues, and that includes NBC shamelessly running a debunked and deceptive smear story that had been reported on and debunked all the way back in May.",Expert (Spinde)
"Two years after the Trump administration made the state-sanctioned kidnapping of children at the border official U.S. policy, the horrors around this crime against humanity continue to be exposed.",Expert (Spinde)
Many of the U.S. Border Patrol agents on the front lines of the U.S. effort to secure the southern border with Mexico bristle at what they see as public misconceptions and media mischaracterization of their work.,Expert (Spinde)
"Whatever the specifics of what Donald Trump’s diagnosis may be, from the moment protesters started to hit the streets to denounce police brutality, one thing was certain: The president’s brainworms would direct his energies away from doing anything useful and toward the task of managing his ego, relying on the reality TV tricks he mistakes for the real work of presidenting.",Expert (Spinde)
"As the world as we know it comes to a quicker-than-expected end, with much of Australia caught up in wildfires that climate change did not start, but are unquestionably making worse, Amazon CEO Jeff Bezos is getting roundly toasted for his announcement that the company with the too-ironic name will be donating roughly $690,000 to Australia to help combat the ongoing fires.",Expert (Spinde)
"While no one is praising Trump as a thought leader in the way Limbaugh has been, he’s undeniably made conservative ideas tangible for average Americans.",Expert (Spinde)
"Even if Trump is “unraveling” as Never Trumpers are wont to claim, his supporters won’t disappear on November 4th. George Will and the leftists many Never Trumpers now ally themselves with must reconcile their perception of the American people with reality.",Expert (Spinde)
"Transgender ideology says each persons’ preferences are — and should be — unconnected from their bodies. It says that men and women are interchangeable, and can switch their sex by switching their own sense of “gender identity” so that men who say they are women really do become biological women, complete with female penises.",Expert (Spinde)
"Pompeo also spoke with the Wichita Eagle in November, and that interview turned messy, too.",Expert (Spinde)
"It’s no exaggeration to say that everything that Trump has done since then has been a pathetic effort to nuh-uh the hecklers and prove that he’s no #BunkerBoy, but a big, tough guy who will totally kick your ass without breaking a sweat. He’ll shove the White House doctor out to tell some more lies about Trump’s health, if that’s what it takes.",Expert (Spinde)
"When he finally spoke in the Rose Garden on Monday, Trump threatened to deploy the military against American citizens if the governors didn’t take his advice for a more forceful crackdown. This threat didn’t appear to cow anyone, and only increased the anger. ",Expert (Spinde)
"By threatening the kids and their families with deportation, the administration’s U.S. Citizenship and Immigration Services was effectively delivering death sentences.",Expert (Spinde)
"Indeed, just this week, Donald Trump, who once said the climate crisis was a hoax concocted by the Chinese, marveled at cold temperatures throughout the Midwest, convinced that the frigid weather is evidence of … something.",Expert (Spinde)
"Tedros and his agency have been on the defensive after President Donald Trump of the United States — the WHO’s biggest single donor — last week ordered a halt to U.S. funding for the agency, alleging that it botched the early response to the outbreak.",Expert (Spinde)
"The devil is in the details, however, since—while some charter schools are effective in achieving student success—others have been examples of cronyism and corruption as a result of arrangements between politicians and private businesses.",Expert (Spinde)
"USA Today Sports published a broadside against youth tackle football, claiming that the sport is just too dangerous for children.",Expert (Spinde)
"Rep. Al Green (D-TX) at a hearing on Wednesday perpetuated the hoax that President Trump called white nationalists at a rally in Charlottesville, Virginia in 2017 “very fine people.”",Expert (Spinde)
"The startling, aggressive attacks on peaceful protesters by the National Guard occurred after a “pointed threat” from the Pentagon that if the Guard couldn’t handle the situation, active-duty military units would be sent to deal with civilians, the Times reported.",Expert (Spinde)
"House Speaker Nancy Pelosi (D-CA) on Monday waxed hyperbolic about the 2020 presidential election, telling an audience that “civilization as we know it is at stake.”",Expert (Spinde)
Mainstream media outlets continue to print false and defamatory descriptions of Breitbart News in a nakedly political effort to marginalize a growing competitor.,Expert (Spinde)
"And although nearly every Republican has sold their souls to Trump, none of them want to cross someone with the moral authority of Gen. Mattis, who counseled Americans in no uncertain terms to abandon Trump.",Expert (Spinde)
"American manufacturing jobs have boomed to a more than 20-year high as President Trump has imposed a wide range of tariffs on imported steel, aluminum, and Chinese products — dooming predictions made by free traders that have yet to pan out.",Expert (Spinde)
"According to Planned Parenthood office in Roanoke, Virginia, the abortion giant will continue to perform abortion services during the COVID-19 pandemic, claiming abortion is an “essential” medical service.",Expert (Spinde)
"The network also hypes the idea that nonwhite immigrants are dirty and diseased, as well as inherently criminal.",Expert (Spinde)
"For those who think this country needs baseball now to raise its depressed spirits, you might consider a cautionary historical precedent, the Summer of Swat of 1998.",Expert (Spinde)
"Such criminalization would be accomplished via universal background checks, which Harris strongly supports.",Expert (Spinde)
"If Donald Trump was willing to have Americans gassed and beaten so he could stage a photo opportunity, what will he be willing to do to retain the presidency come election time?",Expert (Spinde)
"Not only would House Bill 2320 rescind the rights for same-sex marriage, it also would cement into law a litany of far right wing extremist claims, including that being LGBTQ is a “mythology,” government recognition of LGBTQ people is “the greatest sham since the inception of American jurisprudence,” and the proposition that there “are no ex-blacks but there are thousands of ex-gays.”",Expert (Spinde)
"In a bizarre and unexpected twist, pop super star Lana Del Rey is being smeared as “racist” over an Instagram post in which she slammed modern-day feminism.",Expert (Spinde)
A leader of a movement that urges women to brag about having an abortion promoted the procedure to children in a video from Cut’s HiHo on the YouTube channel.,Expert (Spinde)
"Democrats really don’t want to spend billions of taxpayer dollars on a giant, ineffective border wall, so if Trump were try to come up with an offer designed to entice them, he’d have to propose something that would be (a) enormous; and (b) wildly unpopular among Republicans.",Expert (Spinde)
"Trump enjoys and encourages state brutality against people of color, and black people in particular. It excites him and his most ardent followers. But his response isn’t just based on personal predilections. It’s also based on political considerations.",Expert (Spinde)
Rispone is crying foul about the race-baiting ads from Edwards’ allies.,Expert (Spinde)
"Countless American believers in the Bible, myself included, were inspired tremendously on Monday when President Trump stood in front of St. John’s Episcopal Church, across the street from the White House, and held up the Word of God for all to see.",Expert (Spinde)
Frustrated Democrats slammed Republicans for what they see as a debacle that could leave millions of Americans without health care. ,Expert (Spinde)
"Apparently, even many people within the gun rights movement are concerned and are working to prevent people from openly bringing weapons to the rally but with leaders like Tucker Carlson and Donald Trump rooting them on, the “good people” who will descend on Richmond on January 20 may feel like they have approval to light a spark.",Expert (Spinde)
Though  Alexandria Ocasio-Cortez was by no means the first to describe migrant detention centres as concentration camps — disgraced Arizona Sheriff Joe Arpaio boasted his “tent city” in the Sonora Desert was just that — her comments ignited a firestorm of controversy.,Expert (Spinde)
State health departments and legislators who sneer at parental concerns and call for vaccination mandates erode parents’ trust.,Expert (Spinde)
"The result of this tribalism will not be a catharsis of white identity, improving equality for non-whites. It will be resentment towards being the only tribe not given the special treatment bestowed by victimhood.",Expert (Spinde)
"Last year, XFL Commissioner Oliver Luck noted that the XFL reached out to Kaepernick, but the former NFL player demanded absurdly high $20 million a season salary.",Expert (Spinde)
"People were tear-gassed, manhandled, shoved, battered with clubs and slammed with shields on Monday to clear the way for Trump to cross the street from the White House for a photo op at St. John’s Episcopal Church. The onslaught against the protesters began 25 minutes before a 7 p.m. curfew. ",Expert (Spinde)
And one particularly radical idea is sure to grab the attention of young people around the country: wiping out student loan debt for the vast majority of American borrowers.,Expert (Spinde)
Here are three obvious but important ways the media demonstrated a disgusting partisan slant instead of good journalism.,Expert (Spinde)
This would be the same Taliban that gleefully murders young women for the crime of going to school and regards democracy as a crime against Islam punishable by death.,Expert (Spinde)
"Last year, some states tried to ban abortion after just six weeks into a pregnancy ― when many women don’t even know they’re pregnant yet. Considering that 1 in 4 women has an abortion during her lifetime, the effects of these restrictions could prove devastating.",Expert (Spinde)
"When President Trump rolled out his recent budget proposal, it made some cuts that were always going to cause controversy. For one thing, his plan would slash subsidized student loan repayment plans, and let the government crack down on missed payments.",Expert (Spinde)
"The over-the-top, theatrical lies of the anti-choice movement are so comical that the mainstream media, for decades, has shied away from covering them too closely, likely out of fear that they’re actually too ridiculous to be believed.",Expert (Spinde)
"President Donald Trump is losing support from his evangelical base as he lurches from one crisis into another. Numerous polls show that religious Americans, like most other Americans, disapprove of the president’s performance, and that could imperil his re-election chances.",Expert (Spinde)
Conway recycled a right-wing talking point that falsely claims a bill designed to loosen certain restrictions on late-term abortions in Virginia is “infanticide” during her Monday appearance on “Outnumbered Overtime with Harris Faulkner.”,Expert (Spinde)
"This was not the president’s first gesture of warmth in the wake of Limbaugh’s sad revelation. The president took to Twitter to cheer him on, saying, “Many people do not know what a great guy & fantastic political talent the great Rush Limbaugh is. There is nobody like him. Looking for a speedy recovery for our friend!”",Expert (Spinde)
"Multiple studies have attempted to translate the New Green Deal resolution's pledges into concrete policies, but often claim to significantly underestimate the actual costs due to the resolution's vagueness.",Expert (Spinde)
"In Europe, no government has joined Trump’s anti-Iran crusade (though John Bolton is whispering in the ear of the new Trump-loving prime minister, Boris Johnson.)",Expert (Spinde)
"President Donald Trump bragged on Sunday that the Republican Party has never been stronger or more united than it is now, even as his impeachment trial is set to begin in the Senate this week. ",Expert (Spinde)
"Reilly also suggested that Trump’s “grudge” against Puerto Rico correlates with a soured golf course deal on the island, and explained why the sport may be responsible for Trump’s embrace of a wild conspiracy theory about wind turbines causing cancer.",Expert (Spinde)
Tens of thousands rallied peacefully and the news media treated it like it was the start of the second civil war or at least another violent confrontation like Charlottesville.,Expert (Spinde)
"That’s why white nationalists, who are enthusiasts for the abortion of black and brown people, despise pro-lifers, as anyone reporting in good faith should know.",Expert (Spinde)
"Before President Donald Trump threatened to violently suppress demonstrations in memory of Floyd, before the spread of recording equipment let the world witness how U.S. police brutalize non-white bodies and before “I can’t breathe” became a global rallying cry challenging American cruelty and injustice, America tried to explain its racism to the world.",Expert (Spinde)
"For about five years, between 2006 and 2011, HuffPo was a hotbed bed of anti-vaccine conspiracy theorizing.",Expert (Spinde)
"Conspiracy theories about the Sandy Hook shooting have persisted for years, for example, far-right InfoWars host Alex Jones claimed that the whole thing was staged by the government with child actors and no kids were harmed ― which ultimately led to a lawsuit against him by parents of the victims.",Expert (Spinde)
"They came to the United States from all corners of the globe -- Somalia, Rwanda, El Salvador, the Balkans, Germany, Iraq -- claiming to have been persecuted but, in reality, they were the persecutors.",Expert (Spinde)
"That Sanders’ proposal lacks any sort of means-testing requirement makes it clear that he believes this is something all people deserve, but it’s unclear why, or how that’s a worthwhile investment given that it will be allocated toward those who are relatively rich (or could have been relatively rich had they not gotten a useless master’s degree that doesn’t translate into higher earnings). ",Expert (Spinde)
"He has been critical of illegal aliens, but not immigrants in general. Weaver nonetheless implies Trump is somehow responsible.",Expert (Spinde)
"Rep. Alexandria Ocasio-Cortez (D-NY) has been an avid supporter of the “Green New Deal,” a plan that would take dramatic steps to curb the United States’ contribution to global climate change. ",Expert (Spinde)
The harshest attack on Trump and military action against civilians was issued in The Atlantic on Wednesday by former Defense Secretary and retired Marine Corps general Jim Mattis. He hailed peaceful protesters for working for a better future.,Expert (Spinde)
"Indeed, that original NYT report suggested that the management at Trump’s club in New Jersey was well aware of the fact that it employed undocumented immigrants, and it deliberately took steps to obscure the fact that it broke the law – repeatedly, over the course of several years.",Expert (Spinde)
"In Washington, three key issues seemed to galvanize most of the protesters: climate change, immigration and reproductive rights.",Expert (Spinde)
"Democratic presidential candidate Joe Biden on Tuesday blasted President Donald Trump’s response to U.S. protests over racism and police misconduct, vowing to try to heal the country’s racial divide and not “fan the flames of hate.”",Expert (Spinde)
"Mulvaney apparently didn’t see this line of inquiry coming, so he was left in an awkward spot: Democrats are trying to embarrass Trump, but his chief of staff has no idea why Trump would be embarrassed by his own tax materials.",Expert (Spinde)
"The outbreak, which began in the Chinese city of Wuhan, has wreaked devastation on the global economy and threatens to plunge hundreds of millions of people into poverty.",Expert (Spinde)
"In fact, Clinton’s plan is so inept in its ability to understand how college funding even operates, and so atrociously far from providing any adequate solutions to a complex problem, that it sounds like she was channeling the Simpsons.",Expert (Spinde)
"The right to abortion is just that — the right to kill unborn humans. But pro-abortionists like Quinn and Cuomo find it easier to argue that they are fighting for “reproductive rights” (even though pro-lifers are not objecting to any woman’s right to reproduce) or that fetuses are not humans but “clumps of cells.” Just as with slave owners and eugenicists before them, it’s easier for pro-abortionists to advocate for murder after they’ve dehumanized the lives they want to end.",Expert (Spinde)
King went on to defend his tweet with a number of confused and contradictory statements.,Expert (Spinde)
"When it comes to the Green New Deal blueprint to address the climate crisis, Republicans generally like to pretend it calls for the elimination of hamburgers.",Expert (Spinde)
"Americans generally associate white pride with slavery, segregation, and skinheads. For most of us those are negative associations so, yes, we think it’s creepy to be proud that you’re white.",Expert (Spinde)
"It’s not a huge deal that an eccentric, pro-Trump activist clumsily used a bad analogy in a local speech. The analogy is bad enough, however, that it certainly shouldn’t be on the president’s Twitter feed.",Expert (Spinde)
Young women taking part in high school and college athletics across the country have had their dreams of winning dashed by the movement to allow biological male who “identify” as female to compete against them.,Expert (Spinde)
"After Donald Trump’s outrageous photo op in which he used federal police to attack peaceful protesters so that he could walk to a church to hold up a Bible, others noted how inappropriate it was for General Mark Milley, the current chairman of the Joint Chiefs of Staff, to not only be tailing behind Donald Trump during this publicized stunt but to be wearing his battle fatigues, something extremely inappropriate for the setting.",Expert (Spinde)
"Those areas have been plagued for years by gun and gang-related violence, including Englewood and West Garfield Park.",Expert (Spinde)
"Oscar-winning actor Leonardo DiCaprio is a vocal climate change activist, however, he has taken some heat in the past for his preference for fuel-guzzling private plane travel.",Expert (Spinde)
"Experts have warned that a total U.S. withdrawal from Syria, which is still embroiled in a chaotic civil war spawned eight years ago by protests against dictator Bashar al-Assad, would advance the interests of Iran and Russia.",Expert (Spinde)
"Biden’s five picks are typical of centrists who want to trim the edges of our bloated, draconian justice system without changing anything systemically.",Expert (Spinde)
"Throughout his presidency, Trump has shown a penchant for quick fixes and slapdash policies aimed at satisfying the short-term appetites of his base, no matter how much it hurts the country’s long-term welfare.",Expert (Spinde)
"Yet when researchers in the U.S. have been so corrupt they have gone to jail, mainstream scientists still accept their research.",Expert (Spinde)
"But with the can of worms now open, Democrats see opportunity on everything from gun control to climate change, especially if the Supreme Court upholds Trump’s declaration.",Expert (Spinde)
The movement’s hysteric leader proceeded to hush the crowd so the mayor’s answer could be heard across the streets so they could vote him out next year if he bowed to their anarchic demands.,Expert (Spinde)
"Cuban slave doctors that have escaped the system have said that, while working abroad, the Castro regime forced them to invent patients and throw away perfectly good medicine to boost the statistics on the number of patients Cuban doctors actually treat.",Expert (Spinde)
California has a ten-day waiting period on gun purchases yet that state also witnesses some of the most heinous public firearm-based attacks in the nation.,Expert (Spinde)
How far will Republicans go to destroy democracy?,Expert (Spinde)
"That the Secret Service takes precautions to protect the president in a time of chaos is, in itself, to be expected. But the contrast between Trump’s chest-thumping and the fact that he was cowering in the basement was objectively funny.  Unsurprisingly, a lot of people made fun of him, and he didn’t like it.",Expert (Spinde)
Refugees have become a hot button issue as millions attempted to flee the terrorist group ISIS and the southern border was swamped with asylum claims.,Expert (Spinde)
"He pointed out, in blunt and colorful language, that economic suicide in pursuit of the latter goal is insanity. His video went viral.",Expert (Spinde)
"Pelosi’s coronavirus plan uses the pandemic to cram provisions of the House Democrats’ H.R. 1 legislation into federal law. That legislation went even further in its efforts to create loopholes for voter fraud, allowing convicted felons to vote in federal elections.",Expert (Spinde)
"Curiously, both Kelly and Yen seem unaware of the influx of undocumented immigrants pouring into this country daily from countries with very low vaccination rates...",Expert (Spinde)
"That statement, while true, could leave some listeners with the wrong impression. Warren’s plan would cancel at least some student debt for 95 percent of debt holders, and all debt for 75 percent of borrowers (the source of Vice’s erroneous headline).",Expert (Spinde)
The argument that the real way to end abortion is to make abortion unnecessary by establishing a generous cradle-to-grave welfare state salves left-wing Christians' consciences for their support of radically pro-abortion politicians like Sen. Bernie Sanders.,Expert (Spinde)
"But at least ISIS had enough common sense and scientific knowledge to realize that coronavirus posed a major threat to its members; in the U.S., the Christian Right and white nationalists have failed to take coronavirus seriously.",Expert (Spinde)
"The Republican president entered the initial round of talks with the North Korean dictator in Singapore with minimal preparation – Trump went so far as to mock the very idea of doing pre-summit homework – and soon after, he made a series of concessions to Kim Jong-un in exchange for effectively nothing.
",Expert (Spinde)
"While Democrat presidential hopefuls aim to weaponize the tax cuts, Elaine Parker, chief communications officer of Job Creators Network (JCN), told Breitbart News in an exclusive interview in January that it is precisely what will assist Trump in making his case to the American people.",Expert (Spinde)
"Former ESPN personality Jemele Hill attacked the NFL for its lack of black coaches, and blasted the Rooney Rule as an insufficient solution to the problem.",Expert (Spinde)
"In an age when media stardom apparently confers some kind of universal expertise, it’s probably not a complete surprise that Republican House leaders keep trotting out pundit/provocateur Candace Owens to testify in congressional hearings on what should be a matter requiring the utmost seriousness and gravity: white nationalist terrorism and its toll on the American social fabric.",Expert (Spinde)
"If she doesn't want to thank him for his honorable service, that's her business, but these ugly attempts at smearing him are unbecoming of those in positions of authority.",Expert (Spinde)
"But the skeptics have taken on a brasher, bolder tone in recent months. ",Expert (Spinde)
"Of course Trump doesn’t care about other people, only his ego and his appearance. Reporting from the Associated Press confirms this, as a Thursday article explained Trump told advisers that wearing a mask would “send the wrong message.”",Expert (Spinde)
"The wealthy are quite reasonably reluctant to give away more of their money than they have to and would simply move to more tax friendly jurisdictions, thus meaning the governments in high tax jurisdictions would have less to spend on worthy projects.",Expert (Spinde)
Extreme gun advocacy group called Rocky Mountain Gun Owners cares more about fear-based fundraising and the money it generates than the policies they claim that money supports.,Expert (Spinde)
"Trump has kept it up ever since, instructing federal police to tear-gas peaceful protesters outside the White House on Monday evening to clear the area for his ludicrous photo-op holding a Bible in front of St. John’s Episcopal Church in Lafayette Square, a stunt that outraged the bishop who oversees that church.",Expert (Spinde)
"Four states will hold their primary contests on Tuesday night, despite Georgia and Louisiana each postponing their elections previously scheduled for a few weeks later over concerns of the spreading Wuhan virus.",Expert (Spinde)
The Never Trumper Republicans of The Lincoln Project have mobilized former Defense Secretary Jim Mattis’s scathing broadside against the president in their latest attack on Donald Trump.,Expert (Spinde)
"The mass protests could put Trumpism to a serious test. The president has urged police to come down hard on protesters, and now there’s an endless highlight reel of cops brutalizing people in the way Black Lives Matter activists have always said they do.",Expert (Spinde)
Democrats have seethed as they helplessly watched the Trump administration undo or block a slew of Obama-era environmental proposals during the past two years.,Expert (Spinde)
"While President Donald Trump’s impeachment trial had been wrapping up, he expanded one of his most controversial and inflammatory policies with little fanfare and minimal opposition: the travel ban on people from multiple Muslim-majority countries.",Expert (Spinde)
"Actress-turned-feminist activist Emily Ratajkowski and her husband are living in “prime NYC real estate” completely for free, according to a new report.",Expert (Spinde)
"At least Morrissey, who stepped into his son’s life after an unexpected pregnancy, chose life — unlike Northam, who supports late-term abortion and advocates for killing unwanted children after failed abortions.",Expert (Spinde)
"Palmer had been using the power of deputization to create a private armed force comprised of his political supporters—and he gave them tremendous powers, including the ability to harass his enemies.",Expert (Spinde)
"And so, while demonstrations began to spread and police engaged in ruthless attacks on nonviolent protesters, Americans have been subjected to Trump trying — feebly, but at great cost to both taxpayers and public safety — to assuage his ego by demanding that his real life display of weenie-ness be “fixed” with reshoots and post-production edits.",Expert (Spinde)
"The Christian Right, white nationalists and coronavirus truthers are so twisted that they have even turned Dr. Anthony Fauci into one of the objects of their hatred. Fauci, an expert immunologist who is part of Trump’s coronavirus task force, has had to increase his security detail because of death threats from extremists who believe he is exaggerating the threat in order to undermine Trump’s presidency.",Expert (Spinde)
"The curfews, which have never before occurred on an Election Day in recent times, were a response to looting that occurred after generally peaceful protests against police violence and racism. However, the curfews also come in a climate where the Republican Party, led by President Trump, has been repeatedly making false claims that voting by mail is rife with fraud",Expert (Spinde)
"Surprising because in its early trailer, FX’s Anti-Phyllis Schlafly Series Mrs. America sold itself as a celebration of second-wave feminism as it waged righteous war against the dark forces of the “patriarchy.”",Expert (Spinde)
This dark new event revealed that America’s white nationalism problem goes far beyond Trump,Expert (Spinde)
"There was a point a few years ago at which some GOP officials, fearing a backlash in response to the “war on women,” pretended to be pro-choice and used highly deceptive rhetoric about contraception as a way to improve their electoral prospects.",Expert (Spinde)
"In an era in which domestic terrorism is an increasingly deadly societal scourge, it’s dangerous when a sitting American president lies to rabid followers with tales of infants being executed in medical facilities.",Expert (Spinde)
"After tremendous pressure on the Department of Homeland Security, Miller is advancing his agenda of not just blocking migrants from entering the country illegally, but making life in the U.S. so unbearable for legal immigrants that they leave the country.",Expert (Spinde)
"In the video, while answering a question of whether conservatives have legitimate fears of Islamic terrorism and therefore justification for measures to stop it, she appears to say that white men are in fact a greater threat.",Expert (Spinde)
"An analysis by Fox News shows at least eight potential Democratic candidates have voiced support for or touted aspects of the proposal, which amounts to a drastic overhaul of the U.S. economy and government benefit system.",Expert (Spinde)
It’s also why attempts to portray pro-lifers as racists smack of disingenuousness.,Expert (Spinde)
"On Wednesday, democrats got a chance to grill President Donald Trump's point person on deregulation as Andrew Wheeler came to Capitol Hill for his confirmation hearing to be the next permanent administrator of the Environmental Protection Agency.",Expert (Spinde)
House and Senate Democrats are responding to the coronavirus outbreak in the United States by supporting measures to effectively strip President Trump of his authority to impose travel bans to protect American citizens.,Expert (Spinde)
"Since 2016, Democrats have thrown sand, wrenches, and donkey poo into every gear of government to overturn the results of a free and fair election played by rules.",Expert (Spinde)
"The taxpayer-funded BBC has announced that 16-year-old eco-warrior Greta Thunberg will be guest-editing the broadcaster’s flagship current affairs radio programme, the Today show.",Expert (Spinde)
"The Democrats’ bill is a massive giveaway to Silicon Valley, to tech donors, and to many Fortune 500 companies in the banking and insurance industries who have replaced their American graduates with blocs of imported Indian and Chinese workers.",Expert (Spinde)
"As we got into the cab, our tow truck driver, a middle-aged man from Brooklyn, wasted only a few minutes before bringing up Trump with missionary zeal. He told us that he hated politics and hated politicians, but loved Donald Trump. Why? Because Trump is the only one speaking up for people like him.",Expert (Spinde)
"Trump is nothing if not a public relations savant. Once the dust settles, if he cannot take credit for restoring order, he’ll do his best to deflect and lay the blame at someone else’s feet. He’ll remind his followers what the other side thinks of them, how they desecrated our American values, and what will happen to them if Joe Biden becomes the apologizer-in-chief.",Expert (Spinde)
"While many women, and the men who love them, are well aware that, spurred on by the Vatican, United States Conference of Catholic Bishops (USCCB) and the so-called personhood movement, Republicans are working feverishly to eradicate women’s reproductive rights.",Expert (Spinde)
"The anti-vaccine crowd frequently falls back on the claim that vaccines cause autism, despite more than two dozen studies clearly showing that vaccination does not increase the incidence of autism. Nor did it make a whit of biological sense that vaccines would.",Expert (Spinde)
"In 2018, Trump spoke wistfully about Chinese President Xi Jinping’s ability to change the constitution and scrap limits on the number of terms he could serve. And today he is trying to get Russia reinstated into the Group of 7, the organization of large democratic economies, even as Putin seeks to extend his presidential term until 2036 and still retains control of a portion of Ukraine, the reason Russia was expelled from what had been the G8 in the first place.",Expert (Spinde)
"White House Press Secretary Kayleigh McEnany voiced tepid support for Defense Secretary Mark Esper, after he stated Wednesday that he did not support invoking the Insurrection Act, which would allow active-duty troops to act in domestic law enforcement roles.",Expert (Spinde)
"Minhaj, who used to appear on “The Daily Show” before getting his own Netflix series, “Patriot Act,” last year, aired an episode in February in which he broke down the often confusing but debilitating problem of crushing student loan debt in the United States.",Expert (Spinde)
"Moreover, NeverTrump would not only have to separate Trump from his political base, but also to win the support of that base for its own candidate. That will be particularly difficult, as NeverTrump has made no secret of its general disdain for Trump supporters.",Expert (Spinde)
Several medical and advocacy groups have insisted abortion services should be considered as essential health care during the Chinese coronavirus pandemic and not subject to delays or a reduction of availability that will affect other health services.,Expert (Spinde)
Coronavirus vaccine and quarantine protesters in America form an unholy COVID-19 alliance. These groups have converged to spread the same dangerous and self-defeating message.,Expert (Spinde)
"Trump — who has been criticized for painting an overly rosy picture of the outbreak, often contradicting his own health officials ...",Expert (Spinde)
CBS Late Show host Stephen Colbert claimed on Tuesday that President Donald Trump’s describing himself as a “nationalist” serves as an indication of his hidden sympathy for white nationalist movements such as Ku Klux Klan.,Expert (Spinde)
The Lilly Ledbetter Fair Pay Act of 2009 was the latest legislative effort to close the persistently stubborn gap between how much women and men earn.,Expert (Spinde)
Warren’s speech included leftist talking points — from corporations’ alleged mistreatment of American workers and unions to the dangers of “cutthroat capitalism” and the pitfalls of free trade.,Expert (Spinde)
"The bureaucrats and local would-be dictators concocting their various plans to protect us all from each other have to be relieved of their power or the police state will be permanent. So how did we get here, and how do we reclaim our liberty and the right to take risks to survive?",Expert (Spinde)
"Considering the negative, often false propaganda uttered by politicians hostile to Social Security and the financial services industry, and misleading media coverage, that is not surprising, that many young people have been conditioned to think they should not count on Social Security to be there when their time to retire rolls around.",Expert (Spinde)
"As banks leave low-income communities and jack up the cost of basic financial services such as checking accounts, many Americans instead have to rely on expensive and often predatory “fringe banking” institutions, such as check-cashing businesses, payday lenders and pawnshops.",Expert (Spinde)
President Donald Trump ridiculed former Secretary of State Colin Powell on Sunday for endorsing former Vice President Joe Biden for president.,Expert (Spinde)
"Outraged Democrats vowed to appeal a federal judge’s ruling that could undo the US health care law known as Obamacare, saying on Saturday that they will use their new power in Congress to hold Republicans responsible and “expose their lies.”",Expert (Spinde)
"Every corporate mainstream media organization has repeatedly claimed, without evidence, that tariffs were hurting U.S. consumers.",Expert (Spinde)
"Rep. Alexandria Ocasio-Cortez (D-NY) slammed billionaire Jeff Bezos, the richest man in the world and owner of the Washington Post, for paying his employees what she called “starvation wages.”",Expert (Spinde)
"Trump used to say that Mexico will pay for the wall, but since that is impossible, he has endorsed the bizarre claim that the wall will pay for itself.",Expert (Spinde)
"Trump has repeatedly boasted about and taken credit for the stock market’s performance during his three years in office, including as recently as last Saturday after a strong rebound the day before. Trump has also warned that Wall Street would fall if a Democratic candidate wins the November presidential election.",Expert (Spinde)
"Donald Trump used his mighty Twitter platform to drum up business for his golf course in Los Angeles on Sunday. U.S. deaths from COVID-19 neared 80,000, but the president didn’t tweet about that. ",Expert (Spinde)
"While, in the wake of the El Paso murders, the media and most of our politicians are acting shocked—“shocked, I tell you!”—that there are armed racists in America who are trying to terrify people of color, the reality is that it’s pretty much always been that way here in the United States.",Expert (Spinde)
"The whole endeavor, born of desperation, became an embarrassing fiasco for the president, but there was an underlying point of real significance: Trump and his allies realized that the American mainstream didn’t see the value of the regressive GOP tax plan, which disproportionately benefited the wealthy and big corporations.",Expert (Spinde)
"When the nation's highest civilian honor went to a right-wing media personality, it served as an oddly appropriate capstone to Trump's broader goals.",Expert (Spinde)
"Few could have anticipated that the historic release of the first image of a black hole would devolve into a public spectacle of sexist outrage — though such are the times we live in, in which literally every news item is picked apart by reactionaries.",Expert (Spinde)
"Former Defense Secretary William Cohen on Friday called out President Donald Trump’s violent rhetoric about anti-racism protesters, warning the White House is “leading us down the trail toward a dictatorship.”",Expert (Spinde)
Yet it's merely the tip of the iceberg of war criminals lurking -- and working -- on U.S. turf.,Expert (Spinde)
"In October, Breitbart London reported that French police are allegedly actively assisting migrants to avoid detection by UK Border Force, telling them when and when not to attempt to cross the channel, according to a people smuggler.",Expert (Spinde)
Gadsby's work is a testament to how eagerly the arbiters of our culture will devour and elevate work that convincingly purports to be progressive.,Expert (Spinde)
"But director Nick Sweeney’s forthcoming documentary on McCorvey, “AKA Jane Roe,” contains a major bombshell: her conversion from abortion rights icon to born-again Christian abortion opponent was “all an act.”",Expert (Spinde)
China appears to be feeding off similar complaints from the left in the United States. Complaints about partisan “gridlock” are perennial and grow especially loud when Democrats and their highly sympathetic media are the ones complaining about Republicans getting in their way.,Expert (Spinde)
Social Security 2100 Act will provide an important forum to help educate the public and could puncture many of the toxic myths that have taken hold about Social Security in recent decades. ,Expert (Spinde)
"Trump wore no face mask nor any other protective gear, which is typical for him, despite recommendations to the contrary by the Centers for Disease Control and Prevention. He stopped to talk to employees — who were wearing white lab coats, masks, gloves, goggles, hair coverings and plastic booties — while they were working with the sterile swabs.",Expert (Spinde)
British Olympic swimmer Sharron Davies also slammed the concept of transgender athletes.,Expert (Spinde)
"He is asking President Trump, a fellow climate change disbeliever and another white nationalist, for help with dousing the fires.",Expert (Spinde)
"Bannon, who previously served as Executive Chairman of Breitbart News, has denied the false claims spewed against him mostly by those on the left.",Expert (Spinde)
Trump has shown at best a hazy grasp of his actual powers during his presidency and instead has made broad statements about his authority under the Constitution.,Expert (Spinde)
Her call for a Green New Deal -- which would seek to focus on income inequality and climate change by funding a host of radical ideas on liberal wish-lists and overhaul the nation's energy sector -- has been embraced by a number of 2020 hopefuls already.,Expert (Spinde)
"A protester could be seen throwing an object at Frey as he slinked away. Biden, so far, has enjoyed the luxury of remaining in his basement, hidden away from volatile activists who want answers.",Expert (Spinde)
"Security measures are in place as there are concerns radical groups could face off in Richmond, but Democrat office holders and their surrogates in the gun control movement, as well as establishment media reporters, are working hard to paint the entire gun rally as a meeting of extremists and racists.",Expert (Spinde)
Racist Rep. Steve King (R-Iowa) said generations of people would not be here without rape and incest while making the case for anti-abortion legislation without exceptions for victims of those crimes.,Expert (Spinde)
Suicide hotlines are overwhelmed. Unemployment is skyrocketing. Women and children in abusive relationships are stuck at home in a nightmare situation with their abusers. Alcohol sales are through the roof. Foster kids have nowhere to go to be loved and cared for.,Expert (Spinde)
The Trump Administration hasn’t built a single foot of border fencing after thirty months of riling up its supporters with claims that the wall was vital to national security.,Expert (Spinde)
The moment was yet another headache for Biden as he struggles to appeal to gun owners. ,Expert (Spinde)
"But so many anti-vaxxers add selfishness to their faults and put innocent children, who because of age or immune system deficiencies cannot be vaccinated, in danger.",Expert (Spinde)
"In an apparent attempt to divert attention from a lacklustre White House effort to counter the COVID-19 pandemic and a tone-deaf approach to racial injustice, President Donald Trump has entered into another of his many quagmires where he seems to have spoken first and contemplated later.",Expert (Spinde)
Phoenix’s Oscar speech for Joker was a rambling discourse that veered in several direction before settling on environmental platitudes.,Expert (Spinde)
"The Utah Republican Sen. Mike Lee honed his inner troll while using everything from posters showing Aquaman and Star Wars characters to quotes from Austin Powers to paint the Green New Deal bill as ""ridiculous"" and something that would never pass in Congress and never work. ",Expert (Spinde)
Debates about the viability of school voucher programs have focused in recent months on programs with lackluster or spotty academic records. But there’s another issue raised by the potential expansion of public financing for private schools: an exacerbation of segregation.,Expert (Spinde)
DeSantis was initially tentative to shut down outdoor recreational areas like beaches and was ridiculed by the media for his allegedly relaxed response.,Expert (Spinde)
"Though conservatives try to demonize Ocasio-Cortez an Omar, their actual policy views are perfectly mainstream.  The New York lawmaker proposed a 70 percent tax on top incomes — a view backed by public opinion and many well-respected economists.",Expert (Spinde)
"Trump, who actually was his school’s team captain, has long claimed that he was the best athlete there, a boast rarely challenged because coaches and classmates tended to praise him once it became in their best interests to do so.",Expert (Spinde)
"For Fox, Clinton, Omar, and Ocasio-Cortez represent perfect targets in terms of riling up its intolerant base: Clinton is a woman of a certain age, while Ocasio-Cortez and Omar are women of a certain heritage.",Expert (Spinde)
"Football supports Trump in its promotion of racial division, the crushing of dissent, and the spread of misinformation, inequality, and brutality.",Expert (Spinde)
"Issuing a defiant call to arms to grassroots Republicans, former White House chief strategist Steve Bannon railed Friday against dangerous “global elites” and the Silicon Valley “lords of technology” whom he said are robbing U.S. citizens of jobs, wealth and opportunity.",Expert (Spinde)
"The First Amendment forbids the establishment of a state church in the United States, but it in no way imposes the incoherent burden of religious neutrality on our civic institutions",Expert (Spinde)
A lawsuit percolating through the courts attempts to weigh the religious liberty of Orthodox Jews with a dire and compelling public health interest.,Expert (Spinde)
It matters that figures like Marsha Blackburn are trying to smear a decorated American war hero. It also matters why she's engaged in such a toxic scheme.,Expert (Spinde)
President Trump is culpable in the preventable deaths of tens of thousands of Americans due to the evisceration of environmental protections in addition to the preventable deaths of tens of thousands of other Americans due to Trump’s disastrous response to the COVID-19 pandemic.,Expert (Spinde)
"While Trump has stopped short of invoking the 1807 act to use the military to enforce laws domestically, he’s kept the option open, fomenting further unrest and division. Rather than staging photo opportunities while awkwardly holding a Bible in Lafayette Square, Trump would have issued a formal proclamation calling on the insurgents to disperse if he’s serious about the application of the Insurrection Act.",Expert (Spinde)
"The case made by Geoffrey Skelley and Nathaniel Rakich was simple: Supposedly Americans strongly prefer Biden and Democrats over Trump and Republicans, and they are particularly upset with Trump and other Republicans’ attempts to reopen the country as the global Coronavirus pandemic rages.",Expert (Spinde)
The new numbers from Gallup are an unwelcome sight for Democrats after kicking off the week with a disaster caucus in Iowa who and simultaneously anticipating a Trump acquittal in the Senate. Trump will also now have the opportunity to shine in his newfound approval in Tuesday night’s address to the nation while Democrats are in disarray.,Expert (Spinde)
"In an apparent attempt to blame sexism for the blowback the Rashida Tlaib received for her ""Impeach the Motherf*cker"" remark, Pelosi wondered aloud what the response would have been if a man made the same comment. ",Expert (Spinde)
"But rather than appreciate the fact that Asian-American women are considered highly attractive, Lim sees only a sneaking racial bias, a reflection of our upside-down cultural world where victimhood and oppression carry more social currency than even beauty and success.",Expert (Spinde)
